EBD66391-DB88-E611-812C-069F90D7F6BD,64C3DBCC-1B6A-E611-812C-02B8BD5113E9
D2B4B989-3F89-E611-812C-069F90D7F6BD,54A7FF15-EA76-E611-812C-02B8BD5113E9
CE1C5E4D-218C-E611-812C-069F90D7F6BD,CCFEF71A-737F-E611-812C-02B8BD5113E9
D01C5E4D-218C-E611-812C-069F90D7F6BD,CCFEF71A-737F-E611-812C-02B8BD5113E9
D21C5E4D-218C-E611-812C-069F90D7F6BD,CCFEF71A-737F-E611-812C-02B8BD5113E9
E415EC09-588B-E611-812C-069F90D7F6BD,98A08EA5-FF7F-E611-812C-02B8BD5113E9
2C6DF1A7-368B-E611-812C-069F90D7F6BD,63063D18-0880-E611-812C-02B8BD5113E9
1705FCB2-FF8B-E611-812C-069F90D7F6BD,832BF2B2-C880-E611-812C-02B8BD5113E9
D1E4F949-DE8B-E611-812C-069F90D7F6BD,91D23D82-A281-E611-812C-02B8BD5113E9
FBE95C41-218C-E611-812C-069F90D7F6BD,154F6D64-9D82-E611-812C-02B8BD5113E9
D9E4F949-DE8B-E611-812C-069F90D7F6BD,6CDDC6B1-F683-E611-812C-02B8BD5113E9
D5E4F949-DE8B-E611-812C-069F90D7F6BD,8EC1C925-FD83-E611-812C-02B8BD5113E9
D215EC09-588B-E611-812C-069F90D7F6BD,B1553EFE-0E84-E611-812C-02B8BD5113E9
84AFFB4F-DE8B-E611-812C-069F90D7F6BD,A1E55F81-3C84-E611-812C-02B8BD5113E9
86AFFB4F-DE8B-E611-812C-069F90D7F6BD,A1E55F81-3C84-E611-812C-02B8BD5113E9
C0D97685-1B8B-E611-812C-069F90D7F6BD,BB9F59CC-9F85-E611-812C-02B8BD5113E9
D7E4F949-DE8B-E611-812C-069F90D7F6BD,C43F4923-C385-E611-812C-02B8BD5113E9
BFD97685-1B8B-E611-812C-069F90D7F6BD,2A528FB2-CC85-E611-812C-02B8BD5113E9
50DBAF7F-6D8A-E611-812C-069F90D7F6BD,B087A663-3B86-E611-812C-02B8BD5113E9
D1B28CD6-8E8A-E611-812C-069F90D7F6BD,871C48B6-4986-E611-812C-02B8BD5113E9
70891DB4-368B-E611-812C-069F90D7F6BD,83561927-8286-E611-812C-02B8BD5113E9
C2B4B989-3F89-E611-812C-069F90D7F6BD,F833FFDC-8486-E611-812C-02B8BD5113E9
C4B4B989-3F89-E611-812C-069F90D7F6BD,F833FFDC-8486-E611-812C-02B8BD5113E9
CCAA1D2A-E789-E611-812C-069F90D7F6BD,A1D5EDE0-8686-E611-812C-02B8BD5113E9
CEAA1D2A-E789-E611-812C-069F90D7F6BD,A1D5EDE0-8686-E611-812C-02B8BD5113E9
3B7AFD55-DE8B-E611-812C-069F90D7F6BD,7E549532-9686-E611-812C-02B8BD5113E9
ECF33FB1-088A-E611-812C-069F90D7F6BD,E51D4335-3E87-E611-812C-02B8BD5113E9
0A5AE1FD-578B-E611-812C-069F90D7F6BD,130138D4-6087-E611-812C-02B8BD5113E9
C7D97685-1B8B-E611-812C-069F90D7F6BD,CDF8215F-7889-E611-812C-02B8BD5113E9
F5687D8B-1B8B-E611-812C-069F90D7F6BD,CDF8215F-7889-E611-812C-02B8BD5113E9
B3D97685-1B8B-E611-812C-069F90D7F6BD,2BB9C34F-8089-E611-812C-02B8BD5113E9
15697D8B-1B8B-E611-812C-069F90D7F6BD,DAD5D93D-8589-E611-812C-02B8BD5113E9
3E7AFD55-DE8B-E611-812C-069F90D7F6BD,1F995B2F-9689-E611-812C-02B8BD5113E9
D01FC77C-798B-E611-812C-069F90D7F6BD,0F0170AD-9F89-E611-812C-02B8BD5113E9
950F165B-6D8A-E611-812C-069F90D7F6BD,2E0CCC17-B489-E611-812C-02B8BD5113E9
DE15EC09-588B-E611-812C-069F90D7F6BD,B1DF316A-B889-E611-812C-02B8BD5113E9
20534967-6D8A-E611-812C-069F90D7F6BD,AAB63D8A-3D8A-E611-812C-02B8BD5113E9
E1E4F949-DE8B-E611-812C-069F90D7F6BD,CD6FFFDB-4C8A-E611-812C-02B8BD5113E9
B2D97685-1B8B-E611-812C-069F90D7F6BD,AD1AD4A8-758A-E611-812C-02B8BD5113E9
ACD97685-1B8B-E611-812C-069F90D7F6BD,80A9CCCF-158B-E611-812C-02B8BD5113E9
E2E4F949-DE8B-E611-812C-069F90D7F6BD,5FB0C674-178B-E611-812C-02B8BD5113E9
E3E4F949-DE8B-E611-812C-069F90D7F6BD,5FB0C674-178B-E611-812C-02B8BD5113E9
E6E4F949-DE8B-E611-812C-069F90D7F6BD,5FB0C674-178B-E611-812C-02B8BD5113E9
E7E4F949-DE8B-E611-812C-069F90D7F6BD,5FB0C674-178B-E611-812C-02B8BD5113E9
E8E4F949-DE8B-E611-812C-069F90D7F6BD,5FB0C674-178B-E611-812C-02B8BD5113E9
E9E4F949-DE8B-E611-812C-069F90D7F6BD,5FB0C674-178B-E611-812C-02B8BD5113E9
2A7AFD55-DE8B-E611-812C-069F90D7F6BD,7534A141-188B-E611-812C-02B8BD5113E9
2B7AFD55-DE8B-E611-812C-069F90D7F6BD,7534A141-188B-E611-812C-02B8BD5113E9
8511D082-798B-E611-812C-069F90D7F6BD,E80E674D-198B-E611-812C-02B8BD5113E9
DBE95C41-218C-E611-812C-069F90D7F6BD,2CE933EC-1A8B-E611-812C-02B8BD5113E9
60EE0AC5-FF8B-E611-812C-069F90D7F6BD,3237331D-258B-E611-812C-02B8BD5113E9
A3891DB4-368B-E611-812C-069F90D7F6BD,5E00FD36-258B-E611-812C-02B8BD5113E9
1C5AE1FD-578B-E611-812C-069F90D7F6BD,671FC2D4-338B-E611-812C-02B8BD5113E9
245AE1FD-578B-E611-812C-069F90D7F6BD,5E0847FE-348B-E611-812C-02B8BD5113E9
DC15EC09-588B-E611-812C-069F90D7F6BD,19DBA624-398B-E611-812C-02B8BD5113E9
BCFDDB03-588B-E611-812C-069F90D7F6BD,1FDBA624-398B-E611-812C-02B8BD5113E9
BDFDDB03-588B-E611-812C-069F90D7F6BD,1FDBA624-398B-E611-812C-02B8BD5113E9
A3AFFB4F-DE8B-E611-812C-069F90D7F6BD,5DCCC720-3C8B-E611-812C-02B8BD5113E9
B1FDDB03-588B-E611-812C-069F90D7F6BD,09AD70E7-3C8B-E611-812C-02B8BD5113E9
3EF50F5C-DE8B-E611-812C-069F90D7F6BD,2029D71D-3F8B-E611-812C-02B8BD5113E9
267AFD55-DE8B-E611-812C-069F90D7F6BD,BAC30D25-D08B-E611-812C-02B8BD5113E9
397AFD55-DE8B-E611-812C-069F90D7F6BD,8960DCD4-D28B-E611-812C-02B8BD5113E9
2B05FCB2-FF8B-E611-812C-069F90D7F6BD,F141D053-E18B-E611-812C-02B8BD5113E9
7AEE0AC5-FF8B-E611-812C-069F90D7F6BD,AEAD459D-F08B-E611-812C-02B8BD5113E9
FEF05947-218C-E611-812C-069F90D7F6BD,68D6E62A-178C-E611-812C-02B8BD5113E9
B6CF6B16-4C8A-E611-812C-069F90D7F6BD,CD4967AD-727F-E611-812C-069F90D7F6BD
CF1FC77C-798B-E611-812C-069F90D7F6BD,30F58F13-C480-E611-812C-069F90D7F6BD
13697D8B-1B8B-E611-812C-069F90D7F6BD,13B7FD73-CD80-E611-812C-069F90D7F6BD
DAE4F949-DE8B-E611-812C-069F90D7F6BD,4D2F22AF-E680-E611-812C-069F90D7F6BD
8F0F165B-6D8A-E611-812C-069F90D7F6BD,188D9991-9B81-E611-812C-069F90D7F6BD
30652634-648C-E611-812C-069F90D7F6BD,E044F29A-7482-E611-812C-069F90D7F6BD
34652634-648C-E611-812C-069F90D7F6BD,E044F29A-7482-E611-812C-069F90D7F6BD
9E0F165B-6D8A-E611-812C-069F90D7F6BD,56F30555-0C84-E611-812C-069F90D7F6BD
A00F165B-6D8A-E611-812C-069F90D7F6BD,56F30555-0C84-E611-812C-069F90D7F6BD
A31A0FCB-FF8B-E611-812C-069F90D7F6BD,06C11F0B-0F84-E611-812C-069F90D7F6BD
8311D082-798B-E611-812C-069F90D7F6BD,63BC749C-1D84-E611-812C-069F90D7F6BD
8411D082-798B-E611-812C-069F90D7F6BD,63BC749C-1D84-E611-812C-069F90D7F6BD
455907B9-FF8B-E611-812C-069F90D7F6BD,A07ED5E8-D284-E611-812C-069F90D7F6BD
C9CF6B16-4C8A-E611-812C-069F90D7F6BD,E1632050-7785-E611-812C-069F90D7F6BD
AAD97685-1B8B-E611-812C-069F90D7F6BD,AC93E40F-8E85-E611-812C-069F90D7F6BD
735907B9-FF8B-E611-812C-069F90D7F6BD,3DDC2ACB-9885-E611-812C-069F90D7F6BD
0CC1667F-1B8B-E611-812C-069F90D7F6BD,797C3CE3-B585-E611-812C-069F90D7F6BD
AC67581D-9B8B-E611-812C-069F90D7F6BD,F5E31ED9-3E86-E611-812C-069F90D7F6BD
B067581D-9B8B-E611-812C-069F90D7F6BD,B77CE2C4-4186-E611-812C-069F90D7F6BD
EB6A3017-9B8B-E611-812C-069F90D7F6BD,2C05B40E-4B86-E611-812C-069F90D7F6BD
F2940F11-9B8B-E611-812C-069F90D7F6BD,2E599B79-9286-E611-812C-069F90D7F6BD
6FEE0AC5-FF8B-E611-812C-069F90D7F6BD,FC281F21-1487-E611-812C-069F90D7F6BD
70EE0AC5-FF8B-E611-812C-069F90D7F6BD,FC281F21-1487-E611-812C-069F90D7F6BD
7AB621BA-368B-E611-812C-069F90D7F6BD,B26C6835-1887-E611-812C-069F90D7F6BD
F7687D8B-1B8B-E611-812C-069F90D7F6BD,F5C62211-2F87-E611-812C-069F90D7F6BD
F8687D8B-1B8B-E611-812C-069F90D7F6BD,F5C62211-2F87-E611-812C-069F90D7F6BD
3E498D73-6D8A-E611-812C-069F90D7F6BD,0ECC9272-3587-E611-812C-069F90D7F6BD
40498D73-6D8A-E611-812C-069F90D7F6BD,0ECC9272-3587-E611-812C-069F90D7F6BD
D21FC77C-798B-E611-812C-069F90D7F6BD,AAACD48B-3587-E611-812C-069F90D7F6BD
D31FC77C-798B-E611-812C-069F90D7F6BD,AAACD48B-3587-E611-812C-069F90D7F6BD
77EE0AC5-FF8B-E611-812C-069F90D7F6BD,4A10C131-5287-E611-812C-069F90D7F6BD
78EE0AC5-FF8B-E611-812C-069F90D7F6BD,4A10C131-5287-E611-812C-069F90D7F6BD
79EE0AC5-FF8B-E611-812C-069F90D7F6BD,4A10C131-5287-E611-812C-069F90D7F6BD
D8E4F949-DE8B-E611-812C-069F90D7F6BD,5D5BD888-5787-E611-812C-069F90D7F6BD
020E50B7-088A-E611-812C-069F90D7F6BD,0897960B-7389-E611-812C-069F90D7F6BD
CAAA1D2A-E789-E611-812C-069F90D7F6BD,50AD78DB-8C89-E611-812C-069F90D7F6BD
307AFD55-DE8B-E611-812C-069F90D7F6BD,34C22EA7-9589-E611-812C-069F90D7F6BD
A0D97685-1B8B-E611-812C-069F90D7F6BD,13CA91CD-3A8A-E611-812C-069F90D7F6BD
2D697D8B-1B8B-E611-812C-069F90D7F6BD,824B869E-448A-E611-812C-069F90D7F6BD
BECF6B16-4C8A-E611-812C-069F90D7F6BD,EC44668C-498A-E611-812C-069F90D7F6BD
C5D97685-1B8B-E611-812C-069F90D7F6BD,8CC32EA2-4B8A-E611-812C-069F90D7F6BD
C8D97685-1B8B-E611-812C-069F90D7F6BD,8CC32EA2-4B8A-E611-812C-069F90D7F6BD
525907B9-FF8B-E611-812C-069F90D7F6BD,8CC32EA2-4B8A-E611-812C-069F90D7F6BD
B5D97685-1B8B-E611-812C-069F90D7F6BD,A5C3E306-518A-E611-812C-069F90D7F6BD
BBD97685-1B8B-E611-812C-069F90D7F6BD,A5C3E306-518A-E611-812C-069F90D7F6BD
BDD97685-1B8B-E611-812C-069F90D7F6BD,124F069B-628A-E611-812C-069F90D7F6BD
BED97685-1B8B-E611-812C-069F90D7F6BD,124F069B-628A-E611-812C-069F90D7F6BD
D4B28CD6-8E8A-E611-812C-069F90D7F6BD,C9B1DB5F-748A-E611-812C-069F90D7F6BD
8CAFFB4F-DE8B-E611-812C-069F90D7F6BD,9FB808C6-768A-E611-812C-069F90D7F6BD
8EAFFB4F-DE8B-E611-812C-069F90D7F6BD,9FB808C6-768A-E611-812C-069F90D7F6BD
91AFFB4F-DE8B-E611-812C-069F90D7F6BD,9FB808C6-768A-E611-812C-069F90D7F6BD
93AFFB4F-DE8B-E611-812C-069F90D7F6BD,9FB808C6-768A-E611-812C-069F90D7F6BD
D11FC77C-798B-E611-812C-069F90D7F6BD,CC69D410-7A8A-E611-812C-069F90D7F6BD
30697D8B-1B8B-E611-812C-069F90D7F6BD,16E1C899-838A-E611-812C-069F90D7F6BD
1B697D8B-1B8B-E611-812C-069F90D7F6BD,49AACCE0-0B8B-E611-812C-069F90D7F6BD
20697D8B-1B8B-E611-812C-069F90D7F6BD,49AACCE0-0B8B-E611-812C-069F90D7F6BD
A0AFFB4F-DE8B-E611-812C-069F90D7F6BD,AC4DC7E6-0B8B-E611-812C-069F90D7F6BD
C9D97685-1B8B-E611-812C-069F90D7F6BD,5D60CC45-198B-E611-812C-069F90D7F6BD
8441D1F7-578B-E611-812C-069F90D7F6BD,13793143-1E8B-E611-812C-069F90D7F6BD
AEAFFB4F-DE8B-E611-812C-069F90D7F6BD,2A59B68A-248B-E611-812C-069F90D7F6BD
77B621BA-368B-E611-812C-069F90D7F6BD,F237D40E-258B-E611-812C-069F90D7F6BD
CDE4F949-DE8B-E611-812C-069F90D7F6BD,D8B63098-2E8B-E611-812C-069F90D7F6BD
CEE4F949-DE8B-E611-812C-069F90D7F6BD,D8B63098-2E8B-E611-812C-069F90D7F6BD
237AFD55-DE8B-E611-812C-069F90D7F6BD,070C1C45-328B-E611-812C-069F90D7F6BD
8911D082-798B-E611-812C-069F90D7F6BD,5CA1937B-398B-E611-812C-069F90D7F6BD
3DF50F5C-DE8B-E611-812C-069F90D7F6BD,5CA1937B-398B-E611-812C-069F90D7F6BD
D74906AE-368B-E611-812C-069F90D7F6BD,E17F417E-458B-E611-812C-069F90D7F6BD
74EE0AC5-FF8B-E611-812C-069F90D7F6BD,7A87C105-CA8B-E611-812C-069F90D7F6BD
010E50B7-088A-E611-812C-069F90D7F6BD,E3C50082-CA8B-E611-812C-069F90D7F6BD
0805FCB2-FF8B-E611-812C-069F90D7F6BD,5F644FBB-D08B-E611-812C-069F90D7F6BD
84E80DBF-FF8B-E611-812C-069F90D7F6BD,8848C5C2-E38B-E611-812C-069F90D7F6BD
9A1A0FCB-FF8B-E611-812C-069F90D7F6BD,5FB7B50A-F78B-E611-812C-069F90D7F6BD
9D1A0FCB-FF8B-E611-812C-069F90D7F6BD,5FB7B50A-F78B-E611-812C-069F90D7F6BD
EEE95C41-218C-E611-812C-069F90D7F6BD,7C91A971-008C-E611-812C-069F90D7F6BD
FEE95C41-218C-E611-812C-069F90D7F6BD,34BB8777-018C-E611-812C-069F90D7F6BD
D9F05947-218C-E611-812C-069F90D7F6BD,34BB8777-018C-E611-812C-069F90D7F6BD
2919F64C-668C-E611-812C-069F90D7F6BD,8DE414B1-8C7B-E611-812C-02B8BD5113E9
022D0D7E-A78C-E611-812C-069F90D7F6BD,FB4AC787-A781-E611-812C-02B8BD5113E9
BFAD1C8A-A78C-E611-812C-069F90D7F6BD,43369499-AA81-E611-812C-02B8BD5113E9
8D3D80FD-C88C-E611-812C-069F90D7F6BD,D4B9ACC1-6B82-E611-812C-02B8BD5113E9
93E936DF-C88C-E611-812C-069F90D7F6BD,B37C8C30-7D82-E611-812C-02B8BD5113E9
AB12D075-928D-E611-812C-069F90D7F6BD,539C92FA-E583-E611-812C-02B8BD5113E9
F22C0D7E-A78C-E611-812C-069F90D7F6BD,4B9E3365-FD83-E611-812C-02B8BD5113E9
68A49E03-C98C-E611-812C-069F90D7F6BD,E0114001-1784-E611-812C-02B8BD5113E9
371E6B8F-ED8F-E611-812C-069F90D7F6BD,AF190C55-BB84-E611-812C-02B8BD5113E9
391E6B8F-ED8F-E611-812C-069F90D7F6BD,AF190C55-BB84-E611-812C-02B8BD5113E9
23476C50-9590-E611-812C-069F90D7F6BD,12DC9728-D584-E611-812C-02B8BD5113E9
2A476C50-9590-E611-812C-069F90D7F6BD,12DC9728-D584-E611-812C-02B8BD5113E9
2F476C50-9590-E611-812C-069F90D7F6BD,12DC9728-D584-E611-812C-02B8BD5113E9
30476C50-9590-E611-812C-069F90D7F6BD,12DC9728-D584-E611-812C-02B8BD5113E9
2608B769-928D-E611-812C-069F90D7F6BD,B32B1DBC-D784-E611-812C-02B8BD5113E9
0C2D0D7E-A78C-E611-812C-069F90D7F6BD,E949F8E6-0485-E611-812C-02B8BD5113E9
66DA5044-9590-E611-812C-069F90D7F6BD,0CCC0D90-C285-E611-812C-02B8BD5113E9
36476C50-9590-E611-812C-069F90D7F6BD,328C1170-4886-E611-812C-02B8BD5113E9
FA2C0D7E-A78C-E611-812C-069F90D7F6BD,43E43B58-1F87-E611-812C-02B8BD5113E9
FB2C0D7E-A78C-E611-812C-069F90D7F6BD,43E43B58-1F87-E611-812C-02B8BD5113E9
DCAD1C8A-A78C-E611-812C-069F90D7F6BD,2E99296B-3687-E611-812C-02B8BD5113E9
4DDA5044-9590-E611-812C-069F90D7F6BD,A286451D-5187-E611-812C-02B8BD5113E9
4EDA5044-9590-E611-812C-069F90D7F6BD,A286451D-5187-E611-812C-02B8BD5113E9
903D80FD-C88C-E611-812C-069F90D7F6BD,A06F5B04-6387-E611-812C-02B8BD5113E9
41C02009-0F90-E611-812C-069F90D7F6BD,A06F5B04-6387-E611-812C-02B8BD5113E9
BFE339D9-C88C-E611-812C-069F90D7F6BD,8E80E808-7589-E611-812C-02B8BD5113E9
AED80178-A78C-E611-812C-069F90D7F6BD,7DD616CB-7689-E611-812C-02B8BD5113E9
923D80FD-C88C-E611-812C-069F90D7F6BD,93CB1368-7C89-E611-812C-02B8BD5113E9
EE5136E5-C88C-E611-812C-069F90D7F6BD,B0E854D9-8289-E611-812C-02B8BD5113E9
3B416F4A-9590-E611-812C-069F90D7F6BD,E120B691-9389-E611-812C-02B8BD5113E9
35476C50-9590-E611-812C-069F90D7F6BD,A6C22917-9789-E611-812C-02B8BD5113E9
3EC02009-0F90-E611-812C-069F90D7F6BD,666F1E44-9889-E611-812C-02B8BD5113E9
A112D075-928D-E611-812C-069F90D7F6BD,6891C4DE-A589-E611-812C-02B8BD5113E9
BAD2B86F-928D-E611-812C-069F90D7F6BD,4CEC1609-B289-E611-812C-02B8BD5113E9
F42C0D7E-A78C-E611-812C-069F90D7F6BD,EDFC74E6-C389-E611-812C-02B8BD5113E9
0780E209-5290-E611-812C-069F90D7F6BD,DEBF7A11-498A-E611-812C-02B8BD5113E9
2508B769-928D-E611-812C-069F90D7F6BD,55CF1FFB-708A-E611-812C-02B8BD5113E9
46476C50-9590-E611-812C-069F90D7F6BD,8E94E593-038B-E611-812C-02B8BD5113E9
7B451D84-A78C-E611-812C-069F90D7F6BD,0D34670C-078B-E611-812C-02B8BD5113E9
82451D84-A78C-E611-812C-069F90D7F6BD,0D34670C-078B-E611-812C-02B8BD5113E9
FC7FE209-5290-E611-812C-069F90D7F6BD,22209D36-238B-E611-812C-02B8BD5113E9
FDD3ED0F-5290-E611-812C-069F90D7F6BD,22209D36-238B-E611-812C-02B8BD5113E9
F02C0D7E-A78C-E611-812C-069F90D7F6BD,006DD566-328B-E611-812C-02B8BD5113E9
F12C0D7E-A78C-E611-812C-069F90D7F6BD,006DD566-328B-E611-812C-02B8BD5113E9
BFD80178-A78C-E611-812C-069F90D7F6BD,36590FFC-338B-E611-812C-02B8BD5113E9
C1D2B86F-928D-E611-812C-069F90D7F6BD,9327B1D8-408B-E611-812C-02B8BD5113E9
26418D90-248F-E611-812C-069F90D7F6BD,76B4C849-CF8B-E611-812C-02B8BD5113E9
FC2C0D7E-A78C-E611-812C-069F90D7F6BD,B04A52F2-D58B-E611-812C-02B8BD5113E9
DFB31990-A78C-E611-812C-069F90D7F6BD,DA97A8FD-D88B-E611-812C-02B8BD5113E9
E1B31990-A78C-E611-812C-069F90D7F6BD,DA97A8FD-D88B-E611-812C-02B8BD5113E9
D3AD4EAA-8A8F-E611-812C-069F90D7F6BD,76EEC15C-DB8B-E611-812C-02B8BD5113E9
B0D0C1D7-0B8D-E611-812C-069F90D7F6BD,4525228A-DD8B-E611-812C-02B8BD5113E9
B1D0C1D7-0B8D-E611-812C-069F90D7F6BD,4525228A-DD8B-E611-812C-02B8BD5113E9
74451D84-A78C-E611-812C-069F90D7F6BD,90D108E7-DF8B-E611-812C-02B8BD5113E9
AFD80178-A78C-E611-812C-069F90D7F6BD,CC5F8C97-E18B-E611-812C-02B8BD5113E9
B0D80178-A78C-E611-812C-069F90D7F6BD,CC5F8C97-E18B-E611-812C-02B8BD5113E9
B3D80178-A78C-E611-812C-069F90D7F6BD,CC5F8C97-E18B-E611-812C-02B8BD5113E9
35BF80D2-728D-E611-812C-069F90D7F6BD,2002C7B0-EA8B-E611-812C-02B8BD5113E9
616FA009-C98C-E611-812C-069F90D7F6BD,FD65EA75-F18B-E611-812C-02B8BD5113E9
9FCF0353-668C-E611-812C-069F90D7F6BD,038E35AA-F18B-E611-812C-02B8BD5113E9
032D0D7E-A78C-E611-812C-069F90D7F6BD,AE122EB8-F28B-E611-812C-02B8BD5113E9
052D0D7E-A78C-E611-812C-069F90D7F6BD,AE122EB8-F28B-E611-812C-02B8BD5113E9
062D0D7E-A78C-E611-812C-069F90D7F6BD,AE122EB8-F28B-E611-812C-02B8BD5113E9
072D0D7E-A78C-E611-812C-069F90D7F6BD,AE122EB8-F28B-E611-812C-02B8BD5113E9
082D0D7E-A78C-E611-812C-069F90D7F6BD,AE122EB8-F28B-E611-812C-02B8BD5113E9
07E2966A-EA8C-E611-812C-069F90D7F6BD,EF36A2BC-F48B-E611-812C-02B8BD5113E9
08E2966A-EA8C-E611-812C-069F90D7F6BD,EF36A2BC-F48B-E611-812C-02B8BD5113E9
09E2966A-EA8C-E611-812C-069F90D7F6BD,EF36A2BC-F48B-E611-812C-02B8BD5113E9
0AE2966A-EA8C-E611-812C-069F90D7F6BD,EF36A2BC-F48B-E611-812C-02B8BD5113E9
0280E209-5290-E611-812C-069F90D7F6BD,8BA66D77-F58B-E611-812C-02B8BD5113E9
1680E209-5290-E611-812C-069F90D7F6BD,8BA66D77-F58B-E611-812C-02B8BD5113E9
FF94A6CE-458F-E611-812C-069F90D7F6BD,BCEF4239-038C-E611-812C-02B8BD5113E9
2E19F64C-668C-E611-812C-069F90D7F6BD,128A87E9-138C-E611-812C-02B8BD5113E9
8EE936DF-C88C-E611-812C-069F90D7F6BD,08D308BE-1A8C-E611-812C-02B8BD5113E9
4E8356F1-C88C-E611-812C-069F90D7F6BD,2B87112A-1C8C-E611-812C-02B8BD5113E9
4F8356F1-C88C-E611-812C-069F90D7F6BD,2B87112A-1C8C-E611-812C-02B8BD5113E9
8C038BC4-B690-E611-812C-069F90D7F6BD,25EEE897-9F8C-E611-812C-02B8BD5113E9
0EF0E31D-D990-E611-812C-069F90D7F6BD,2AF45993-A48C-E611-812C-02B8BD5113E9
31416F4A-9590-E611-812C-069F90D7F6BD,B9A254C1-A48C-E611-812C-02B8BD5113E9
9DD0C1D7-0B8D-E611-812C-069F90D7F6BD,D7A63CE5-A88C-E611-812C-02B8BD5113E9
9ED0C1D7-0B8D-E611-812C-069F90D7F6BD,D7A63CE5-A88C-E611-812C-02B8BD5113E9
6D8356F1-C88C-E611-812C-069F90D7F6BD,DD94EF88-AA8C-E611-812C-02B8BD5113E9
6F8356F1-C88C-E611-812C-069F90D7F6BD,DD94EF88-AA8C-E611-812C-02B8BD5113E9
718356F1-C88C-E611-812C-069F90D7F6BD,DD94EF88-AA8C-E611-812C-02B8BD5113E9
4B745FF7-C88C-E611-812C-069F90D7F6BD,DD94EF88-AA8C-E611-812C-02B8BD5113E9
51745FF7-C88C-E611-812C-069F90D7F6BD,DD94EF88-AA8C-E611-812C-02B8BD5113E9
52745FF7-C88C-E611-812C-069F90D7F6BD,DD94EF88-AA8C-E611-812C-02B8BD5113E9
5C745FF7-C88C-E611-812C-069F90D7F6BD,DD94EF88-AA8C-E611-812C-02B8BD5113E9
9E12D075-928D-E611-812C-069F90D7F6BD,D1DC346F-AD8C-E611-812C-02B8BD5113E9
1D08B769-928D-E611-812C-069F90D7F6BD,13BE71C3-AD8C-E611-812C-02B8BD5113E9
5A0079D8-728D-E611-812C-069F90D7F6BD,27F64AF7-AF8C-E611-812C-02B8BD5113E9
7F745FF7-C88C-E611-812C-069F90D7F6BD,80D8701A-B08C-E611-812C-02B8BD5113E9
2742014C-EA8C-E611-812C-069F90D7F6BD,B158E385-B18C-E611-812C-02B8BD5113E9
C4D2B86F-928D-E611-812C-069F90D7F6BD,60FB1E85-B78C-E611-812C-02B8BD5113E9
C6D2B86F-928D-E611-812C-069F90D7F6BD,60FB1E85-B78C-E611-812C-02B8BD5113E9
C70E9B70-EA8C-E611-812C-069F90D7F6BD,973DC11F-BF8C-E611-812C-02B8BD5113E9
88A49E03-C98C-E611-812C-069F90D7F6BD,8AC54ADC-C08C-E611-812C-02B8BD5113E9
CAD2B86F-928D-E611-812C-069F90D7F6BD,EB5767DF-C18C-E611-812C-02B8BD5113E9
CCD2B86F-928D-E611-812C-069F90D7F6BD,EB5767DF-C18C-E611-812C-02B8BD5113E9
75DA5044-9590-E611-812C-069F90D7F6BD,68F6DC4E-D48C-E611-812C-02B8BD5113E9
2108B769-928D-E611-812C-069F90D7F6BD,2AECBAEB-D98C-E611-812C-02B8BD5113E9
0DF0E31D-D990-E611-812C-069F90D7F6BD,E7732A32-DA8C-E611-812C-02B8BD5113E9
2308B769-928D-E611-812C-069F90D7F6BD,C059A6A8-DD8C-E611-812C-02B8BD5113E9
04D4ED0F-5290-E611-812C-069F90D7F6BD,09F24246-DE8C-E611-812C-02B8BD5113E9
4A416F4A-9590-E611-812C-069F90D7F6BD,1D093063-E38C-E611-812C-02B8BD5113E9
4B416F4A-9590-E611-812C-069F90D7F6BD,1D093063-E38C-E611-812C-02B8BD5113E9
1BF7B979-B38D-E611-812C-069F90D7F6BD,D23E1445-E48C-E611-812C-02B8BD5113E9
98D0C1D7-0B8D-E611-812C-069F90D7F6BD,B063C8D1-E48C-E611-812C-02B8BD5113E9
9AD0C1D7-0B8D-E611-812C-069F90D7F6BD,B063C8D1-E48C-E611-812C-02B8BD5113E9
19F7B979-B38D-E611-812C-069F90D7F6BD,57EC6B35-9E8D-E611-812C-02B8BD5113E9
3F476C50-9590-E611-812C-069F90D7F6BD,0E4257FF-C88F-E611-812C-02B8BD5113E9
4C416F4A-9590-E611-812C-069F90D7F6BD,C8C7A33D-CC8F-E611-812C-02B8BD5113E9
4F416F4A-9590-E611-812C-069F90D7F6BD,C8C7A33D-CC8F-E611-812C-02B8BD5113E9
57DA5044-9590-E611-812C-069F90D7F6BD,5984E325-D38F-E611-812C-02B8BD5113E9
58DA5044-9590-E611-812C-069F90D7F6BD,DA88FDAB-D48F-E611-812C-02B8BD5113E9
404D7DBE-B690-E611-812C-069F90D7F6BD,AF46867B-E18F-E611-812C-02B8BD5113E9
74CD1703-0F90-E611-812C-069F90D7F6BD,64F1EAD0-EB8F-E611-812C-02B8BD5113E9
3B476C50-9590-E611-812C-069F90D7F6BD,37466076-FF8F-E611-812C-02B8BD5113E9
9A038BC4-B690-E611-812C-069F90D7F6BD,8E6CDC94-7990-E611-812C-02B8BD5113E9
9C038BC4-B690-E611-812C-069F90D7F6BD,8E6CDC94-7990-E611-812C-02B8BD5113E9
44476C50-9590-E611-812C-069F90D7F6BD,342B711C-8390-E611-812C-02B8BD5113E9
B8D80178-A78C-E611-812C-069F90D7F6BD,FB4583CF-3A7F-E611-812C-069F90D7F6BD
B9D80178-A78C-E611-812C-069F90D7F6BD,FB4583CF-3A7F-E611-812C-069F90D7F6BD
BAD80178-A78C-E611-812C-069F90D7F6BD,FB4583CF-3A7F-E611-812C-069F90D7F6BD
35416F4A-9590-E611-812C-069F90D7F6BD,86BC61B7-9881-E611-812C-069F90D7F6BD
D9364933-1B91-E611-812C-069F90D7F6BD,86BC61B7-9881-E611-812C-069F90D7F6BD
1C08B769-928D-E611-812C-069F90D7F6BD,5D70A8C5-A881-E611-812C-069F90D7F6BD
66CA6764-EA8C-E611-812C-069F90D7F6BD,800463E3-ED83-E611-812C-069F90D7F6BD
F64A4A3E-9590-E611-812C-069F90D7F6BD,8A52D3F1-0584-E611-812C-069F90D7F6BD
3F416F4A-9590-E611-812C-069F90D7F6BD,BA422B8B-0A84-E611-812C-069F90D7F6BD
6B765C5E-EA8C-E611-812C-069F90D7F6BD,F2ED8513-0B84-E611-812C-069F90D7F6BD
B7D80178-A78C-E611-812C-069F90D7F6BD,7168B175-1A84-E611-812C-069F90D7F6BD
CDAD1C8A-A78C-E611-812C-069F90D7F6BD,3D9E5640-1B84-E611-812C-069F90D7F6BD
73CD1703-0F90-E611-812C-069F90D7F6BD,1017BED8-4584-E611-812C-069F90D7F6BD
156B233A-648C-E611-812C-069F90D7F6BD,62B20C5C-B484-E611-812C-069F90D7F6BD
99CF0353-668C-E611-812C-069F90D7F6BD,62B20C5C-B484-E611-812C-069F90D7F6BD
F1E1966A-EA8C-E611-812C-069F90D7F6BD,D53329CF-B584-E611-812C-069F90D7F6BD
81745FF7-C88C-E611-812C-069F90D7F6BD,5C00DD7E-B684-E611-812C-069F90D7F6BD
82745FF7-C88C-E611-812C-069F90D7F6BD,5C00DD7E-B684-E611-812C-069F90D7F6BD
83745FF7-C88C-E611-812C-069F90D7F6BD,5C00DD7E-B684-E611-812C-069F90D7F6BD
68DA5044-9590-E611-812C-069F90D7F6BD,0D1684E2-CB84-E611-812C-069F90D7F6BD
CFD2B86F-928D-E611-812C-069F90D7F6BD,8FCE2F97-F684-E611-812C-069F90D7F6BD
D0D2B86F-928D-E611-812C-069F90D7F6BD,8FCE2F97-F684-E611-812C-069F90D7F6BD
D2D2B86F-928D-E611-812C-069F90D7F6BD,8FCE2F97-F684-E611-812C-069F90D7F6BD
521E6B8F-ED8F-E611-812C-069F90D7F6BD,8FCE2F97-F684-E611-812C-069F90D7F6BD
0C976797-5B8E-E611-812C-069F90D7F6BD,4DAAD917-F984-E611-812C-069F90D7F6BD
43416F4A-9590-E611-812C-069F90D7F6BD,86375CBD-7685-E611-812C-069F90D7F6BD
8112D075-928D-E611-812C-069F90D7F6BD,4BF5A102-7985-E611-812C-069F90D7F6BD
DDB31990-A78C-E611-812C-069F90D7F6BD,73C6F325-9985-E611-812C-069F90D7F6BD
DEB31990-A78C-E611-812C-069F90D7F6BD,73C6F325-9985-E611-812C-069F90D7F6BD
EE8D6B89-ED8F-E611-812C-069F90D7F6BD,ACAA26CB-AB85-E611-812C-069F90D7F6BD
2319F64C-668C-E611-812C-069F90D7F6BD,23CBC202-4186-E611-812C-069F90D7F6BD
9D12D075-928D-E611-812C-069F90D7F6BD,55B4DCA4-6986-E611-812C-069F90D7F6BD
DED2B86F-928D-E611-812C-069F90D7F6BD,A3C7CB89-7486-E611-812C-069F90D7F6BD
40416F4A-9590-E611-812C-069F90D7F6BD,F315B0FD-9586-E611-812C-069F90D7F6BD
9B51CE31-3190-E611-812C-069F90D7F6BD,5A12F2E6-9686-E611-812C-069F90D7F6BD
8712D075-928D-E611-812C-069F90D7F6BD,E7FE0D02-2987-E611-812C-069F90D7F6BD
8812D075-928D-E611-812C-069F90D7F6BD,E7FE0D02-2987-E611-812C-069F90D7F6BD
B6B635D3-C88C-E611-812C-069F90D7F6BD,B89A3081-2B87-E611-812C-069F90D7F6BD
618356F1-C88C-E611-812C-069F90D7F6BD,96F36751-2F87-E611-812C-069F90D7F6BD
AAD0C1D7-0B8D-E611-812C-069F90D7F6BD,A6EC5A9E-3687-E611-812C-069F90D7F6BD
FE2C0D7E-A78C-E611-812C-069F90D7F6BD,A9B1D2BC-4E87-E611-812C-069F90D7F6BD
99A49E03-C98C-E611-812C-069F90D7F6BD,1F208D0B-5287-E611-812C-069F90D7F6BD
73E936DF-C88C-E611-812C-069F90D7F6BD,C50B6BC4-8689-E611-812C-069F90D7F6BD
B4D2B86F-928D-E611-812C-069F90D7F6BD,54755C6C-9689-E611-812C-069F90D7F6BD
B6D2B86F-928D-E611-812C-069F90D7F6BD,54755C6C-9689-E611-812C-069F90D7F6BD
F84E9EDE-888F-E611-812C-069F90D7F6BD,4DF6BAA5-9689-E611-812C-069F90D7F6BD
092D0D7E-A78C-E611-812C-069F90D7F6BD,E28E38C9-A389-E611-812C-069F90D7F6BD
0B2D0D7E-A78C-E611-812C-069F90D7F6BD,E28E38C9-A389-E611-812C-069F90D7F6BD
40C02009-0F90-E611-812C-069F90D7F6BD,E28E38C9-A389-E611-812C-069F90D7F6BD
CB0E9B70-EA8C-E611-812C-069F90D7F6BD,3926A881-BE89-E611-812C-069F90D7F6BD
D60E9B70-EA8C-E611-812C-069F90D7F6BD,3926A881-BE89-E611-812C-069F90D7F6BD
9FD0C1D7-0B8D-E611-812C-069F90D7F6BD,F8694642-C589-E611-812C-069F90D7F6BD
98CF0353-668C-E611-812C-069F90D7F6BD,44BDCC5B-3A8A-E611-812C-069F90D7F6BD
A0CF0353-668C-E611-812C-069F90D7F6BD,5FE83F91-3D8A-E611-812C-069F90D7F6BD
66A49E03-C98C-E611-812C-069F90D7F6BD,F3791AC8-568A-E611-812C-069F90D7F6BD
69A49E03-C98C-E611-812C-069F90D7F6BD,F3791AC8-568A-E611-812C-069F90D7F6BD
6FA49E03-C98C-E611-812C-069F90D7F6BD,F3791AC8-568A-E611-812C-069F90D7F6BD
71A49E03-C98C-E611-812C-069F90D7F6BD,F3791AC8-568A-E611-812C-069F90D7F6BD
CA5136E5-C88C-E611-812C-069F90D7F6BD,AAE47D9E-678A-E611-812C-069F90D7F6BD
ACD0C1D7-0B8D-E611-812C-069F90D7F6BD,948F99A8-7F8A-E611-812C-069F90D7F6BD
648356F1-C88C-E611-812C-069F90D7F6BD,8BBBEF47-8D8A-E611-812C-069F90D7F6BD
688356F1-C88C-E611-812C-069F90D7F6BD,8BBBEF47-8D8A-E611-812C-069F90D7F6BD
41652634-648C-E611-812C-069F90D7F6BD,86DA13CF-0D8B-E611-812C-069F90D7F6BD
51DA5044-9590-E611-812C-069F90D7F6BD,34F61B98-1B8B-E611-812C-069F90D7F6BD
BAA33215-0F90-E611-812C-069F90D7F6BD,52ABC010-1D8B-E611-812C-069F90D7F6BD
DC0E9B70-EA8C-E611-812C-069F90D7F6BD,1995C5D1-248B-E611-812C-069F90D7F6BD
DE0E9B70-EA8C-E611-812C-069F90D7F6BD,1995C5D1-248B-E611-812C-069F90D7F6BD
AFD0C1D7-0B8D-E611-812C-069F90D7F6BD,3BDCB411-2B8B-E611-812C-069F90D7F6BD
48A1C6DC-B690-E611-812C-069F90D7F6BD,DCB63098-2E8B-E611-812C-069F90D7F6BD
4AA1C6DC-B690-E611-812C-069F90D7F6BD,DCB63098-2E8B-E611-812C-069F90D7F6BD
D70E9B70-EA8C-E611-812C-069F90D7F6BD,E651F375-378B-E611-812C-069F90D7F6BD
74E936DF-C88C-E611-812C-069F90D7F6BD,9B6F6F09-538B-E611-812C-069F90D7F6BD
7BE936DF-C88C-E611-812C-069F90D7F6BD,9B6F6F09-538B-E611-812C-069F90D7F6BD
84E936DF-C88C-E611-812C-069F90D7F6BD,9B6F6F09-538B-E611-812C-069F90D7F6BD
E6B31990-A78C-E611-812C-069F90D7F6BD,1302312F-548B-E611-812C-069F90D7F6BD
A3B635D3-C88C-E611-812C-069F90D7F6BD,1302312F-548B-E611-812C-069F90D7F6BD
A6B635D3-C88C-E611-812C-069F90D7F6BD,1302312F-548B-E611-812C-069F90D7F6BD
AFB635D3-C88C-E611-812C-069F90D7F6BD,1302312F-548B-E611-812C-069F90D7F6BD
2E6B233A-648C-E611-812C-069F90D7F6BD,108008CD-588B-E611-812C-069F90D7F6BD
CEAD1C8A-A78C-E611-812C-069F90D7F6BD,6000E0EA-C38B-E611-812C-069F90D7F6BD
CFAD1C8A-A78C-E611-812C-069F90D7F6BD,6000E0EA-C38B-E611-812C-069F90D7F6BD
D2AD1C8A-A78C-E611-812C-069F90D7F6BD,6000E0EA-C38B-E611-812C-069F90D7F6BD
DB0E9B70-EA8C-E611-812C-069F90D7F6BD,DE3DC7F6-C58B-E611-812C-069F90D7F6BD
D2B31990-A78C-E611-812C-069F90D7F6BD,56E06300-D98B-E611-812C-069F90D7F6BD
9ACF0353-668C-E611-812C-069F90D7F6BD,CE4166DC-E18B-E611-812C-069F90D7F6BD
2D0079D8-728D-E611-812C-069F90D7F6BD,9832B168-E58B-E611-812C-069F90D7F6BD
4E416F4A-9590-E611-812C-069F90D7F6BD,A3D85D86-E58B-E611-812C-069F90D7F6BD
366B233A-648C-E611-812C-069F90D7F6BD,ED6CDE10-EB8B-E611-812C-069F90D7F6BD
37476C50-9590-E611-812C-069F90D7F6BD,B03DA4F7-EE8B-E611-812C-069F90D7F6BD
38476C50-9590-E611-812C-069F90D7F6BD,B03DA4F7-EE8B-E611-812C-069F90D7F6BD
EC2C0D7E-A78C-E611-812C-069F90D7F6BD,C85A5FDF-F08B-E611-812C-069F90D7F6BD
ED5136E5-C88C-E611-812C-069F90D7F6BD,1115CFDD-F28B-E611-812C-069F90D7F6BD
E55136E5-C88C-E611-812C-069F90D7F6BD,04D234B7-F38B-E611-812C-069F90D7F6BD
7DE936DF-C88C-E611-812C-069F90D7F6BD,7C689237-F88B-E611-812C-069F90D7F6BD
7FE936DF-C88C-E611-812C-069F90D7F6BD,7C689237-F88B-E611-812C-069F90D7F6BD
EB5136E5-C88C-E611-812C-069F90D7F6BD,D89DC47A-FB8B-E611-812C-069F90D7F6BD
EC5136E5-C88C-E611-812C-069F90D7F6BD,D89DC47A-FB8B-E611-812C-069F90D7F6BD
BCD80178-A78C-E611-812C-069F90D7F6BD,A7B46CA4-898C-E611-812C-069F90D7F6BD
656FA009-C98C-E611-812C-069F90D7F6BD,2F905C2A-928C-E611-812C-069F90D7F6BD
80E936DF-C88C-E611-812C-069F90D7F6BD,46963994-938C-E611-812C-069F90D7F6BD
C50E9B70-EA8C-E611-812C-069F90D7F6BD,CF87058C-968C-E611-812C-069F90D7F6BD
C60E9B70-EA8C-E611-812C-069F90D7F6BD,CF87058C-968C-E611-812C-069F90D7F6BD
8C12D075-928D-E611-812C-069F90D7F6BD,F36F85ED-968C-E611-812C-069F90D7F6BD
8F12D075-928D-E611-812C-069F90D7F6BD,F36F85ED-968C-E611-812C-069F90D7F6BD
5E17AC32-CC8F-E611-812C-069F90D7F6BD,6D7210E8-978C-E611-812C-069F90D7F6BD
580079D8-728D-E611-812C-069F90D7F6BD,6B95910B-9D8C-E611-812C-069F90D7F6BD
9951CE31-3190-E611-812C-069F90D7F6BD,3389803F-A38C-E611-812C-069F90D7F6BD
9A51CE31-3190-E611-812C-069F90D7F6BD,3389803F-A38C-E611-812C-069F90D7F6BD
E4B31990-A78C-E611-812C-069F90D7F6BD,6D3DCD4F-A68C-E611-812C-069F90D7F6BD
E45136E5-C88C-E611-812C-069F90D7F6BD,2B295EEE-A68C-E611-812C-069F90D7F6BD
A612D075-928D-E611-812C-069F90D7F6BD,EECC8E65-A78C-E611-812C-069F90D7F6BD
F28D6B89-ED8F-E611-812C-069F90D7F6BD,0CBD8068-AB8C-E611-812C-069F90D7F6BD
9112D075-928D-E611-812C-069F90D7F6BD,B0AF01E9-AC8C-E611-812C-069F90D7F6BD
9212D075-928D-E611-812C-069F90D7F6BD,B0AF01E9-AC8C-E611-812C-069F90D7F6BD
2708B769-928D-E611-812C-069F90D7F6BD,7DB65115-AE8C-E611-812C-069F90D7F6BD
EF5136E5-C88C-E611-812C-069F90D7F6BD,C0EDFB6C-AE8C-E611-812C-069F90D7F6BD
646FA009-C98C-E611-812C-069F90D7F6BD,2950EBFC-AE8C-E611-812C-069F90D7F6BD
BAE339D9-C88C-E611-812C-069F90D7F6BD,6B3E4FB0-AF8C-E611-812C-069F90D7F6BD
5B765C5E-EA8C-E611-812C-069F90D7F6BD,6B3E4FB0-AF8C-E611-812C-069F90D7F6BD
3F225158-EA8C-E611-812C-069F90D7F6BD,95740E84-CC8C-E611-812C-069F90D7F6BD
40225158-EA8C-E611-812C-069F90D7F6BD,95740E84-CC8C-E611-812C-069F90D7F6BD
41225158-EA8C-E611-812C-069F90D7F6BD,95740E84-CC8C-E611-812C-069F90D7F6BD
5D0079D8-728D-E611-812C-069F90D7F6BD,CEA97770-CD8C-E611-812C-069F90D7F6BD
5E0079D8-728D-E611-812C-069F90D7F6BD,CEA97770-CD8C-E611-812C-069F90D7F6BD
F84A4A3E-9590-E611-812C-069F90D7F6BD,2B7B553D-D38C-E611-812C-069F90D7F6BD
F94A4A3E-9590-E611-812C-069F90D7F6BD,2B7B553D-D38C-E611-812C-069F90D7F6BD
BFD2B86F-928D-E611-812C-069F90D7F6BD,F1D70E7E-E08C-E611-812C-069F90D7F6BD
DAD2B86F-928D-E611-812C-069F90D7F6BD,701D6459-968D-E611-812C-069F90D7F6BD
DCD2B86F-928D-E611-812C-069F90D7F6BD,701D6459-968D-E611-812C-069F90D7F6BD
51A1C6DC-B690-E611-812C-069F90D7F6BD,106320EC-CE8F-E611-812C-069F90D7F6BD
A3108C95-ED8F-E611-812C-069F90D7F6BD,B98F53EC-E88F-E611-812C-069F90D7F6BD
44C02009-0F90-E611-812C-069F90D7F6BD,986B8F2C-F58F-E611-812C-069F90D7F6BD
5ADA5044-9590-E611-812C-069F90D7F6BD,E969E21D-8B90-E611-812C-069F90D7F6BD
6725E217-D990-E611-812C-069F90D7F6BD,59689180-9F90-E611-812C-069F90D7F6BD
6825E217-D990-E611-812C-069F90D7F6BD,59689180-9F90-E611-812C-069F90D7F6BD
EDF9AFD0-B690-E611-812C-069F90D7F6BD,99A11890-A590-E611-812C-069F90D7F6BD
70C4B1D6-B690-E611-812C-069F90D7F6BD,99A11890-A590-E611-812C-069F90D7F6BD
BEBDA207-0995-E611-812C-069F90D7F6BD,8A4BBEF8-FB84-E611-812C-02B8BD5113E9
C9BDA207-0995-E611-812C-069F90D7F6BD,8A4BBEF8-FB84-E611-812C-02B8BD5113E9
5F4FA7FD-4892-E611-812C-069F90D7F6BD,3323490D-5D86-E611-812C-02B8BD5113E9
D563C591-2792-E611-812C-069F90D7F6BD,2C0CF6CC-2487-E611-812C-02B8BD5113E9
E6CA800E-5F91-E611-812C-069F90D7F6BD,91FD4D9C-2987-E611-812C-02B8BD5113E9
E7CA800E-5F91-E611-812C-069F90D7F6BD,91FD4D9C-2987-E611-812C-02B8BD5113E9
E06DA558-A191-E611-812C-069F90D7F6BD,D3DC110F-3F87-E611-812C-02B8BD5113E9
394FA7FD-4892-E611-812C-069F90D7F6BD,05D08532-4687-E611-812C-02B8BD5113E9
1118D69C-1293-E611-812C-069F90D7F6BD,BCB72106-6687-E611-812C-02B8BD5113E9
3355A403-4992-E611-812C-069F90D7F6BD,902B75ED-6689-E611-812C-02B8BD5113E9
02A5BD97-2792-E611-812C-069F90D7F6BD,ED0D5580-7689-E611-812C-02B8BD5113E9
1AC0CF2B-8394-E611-812C-069F90D7F6BD,92DD3E21-7789-E611-812C-02B8BD5113E9
0A18D69C-1293-E611-812C-069F90D7F6BD,D177028A-7789-E611-812C-02B8BD5113E9
0724ECA3-2792-E611-812C-069F90D7F6BD,62DC02E7-7789-E611-812C-02B8BD5113E9
11A5BD97-2792-E611-812C-069F90D7F6BD,8F0BB43D-7D89-E611-812C-02B8BD5113E9
22BAD225-8394-E611-812C-069F90D7F6BD,B84EAF88-7E89-E611-812C-02B8BD5113E9
0624ECA3-2792-E611-812C-069F90D7F6BD,1BAD6776-8089-E611-812C-02B8BD5113E9
654FA7FD-4892-E611-812C-069F90D7F6BD,B6E72A46-8589-E611-812C-02B8BD5113E9
C182C3F0-A494-E611-812C-069F90D7F6BD,70E5DB32-8C89-E611-812C-02B8BD5113E9
773697F7-4892-E611-812C-069F90D7F6BD,B394B87B-9189-E611-812C-02B8BD5113E9
1A380202-8C92-E611-812C-069F90D7F6BD,1250525A-9889-E611-812C-02B8BD5113E9
8793C05D-E491-E611-812C-069F90D7F6BD,C8ABD9F6-9A89-E611-812C-02B8BD5113E9
14C16702-5F91-E611-812C-069F90D7F6BD,6685F42B-AF89-E611-812C-02B8BD5113E9
9D3697F7-4892-E611-812C-069F90D7F6BD,8B5752CB-3D8A-E611-812C-02B8BD5113E9
FE5AD977-6A92-E611-812C-069F90D7F6BD,E3132787-568A-E611-812C-02B8BD5113E9
23BAD225-8394-E611-812C-069F90D7F6BD,180642F5-858A-E611-812C-02B8BD5113E9
999CB645-4C95-E611-812C-069F90D7F6BD,71890E49-148B-E611-812C-02B8BD5113E9
B937B60F-4992-E611-812C-069F90D7F6BD,286DD7B8-1B8B-E611-812C-02B8BD5113E9
BA37B60F-4992-E611-812C-069F90D7F6BD,286DD7B8-1B8B-E611-812C-02B8BD5113E9
BC37B60F-4992-E611-812C-069F90D7F6BD,286DD7B8-1B8B-E611-812C-02B8BD5113E9
BD37B60F-4992-E611-812C-069F90D7F6BD,286DD7B8-1B8B-E611-812C-02B8BD5113E9
BE37B60F-4992-E611-812C-069F90D7F6BD,286DD7B8-1B8B-E611-812C-02B8BD5113E9
4D55A403-4992-E611-812C-069F90D7F6BD,064E6C60-1C8B-E611-812C-02B8BD5113E9
4E55A403-4992-E611-812C-069F90D7F6BD,064E6C60-1C8B-E611-812C-02B8BD5113E9
79E620D3-1C91-E611-812C-069F90D7F6BD,ABFB15B7-298B-E611-812C-02B8BD5113E9
8AF665FC-5E91-E611-812C-069F90D7F6BD,B52ABA60-358B-E611-812C-02B8BD5113E9
A2C1AB8B-2792-E611-812C-069F90D7F6BD,6CF1038D-398B-E611-812C-02B8BD5113E9
08052EDF-1C91-E611-812C-069F90D7F6BD,73F32930-3A8B-E611-812C-02B8BD5113E9
7CA5098A-6A92-E611-812C-069F90D7F6BD,65775489-458B-E611-812C-02B8BD5113E9
0718D69C-1293-E611-812C-069F90D7F6BD,39164E78-4E8B-E611-812C-02B8BD5113E9
0818D69C-1293-E611-812C-069F90D7F6BD,39164E78-4E8B-E611-812C-02B8BD5113E9
0918D69C-1293-E611-812C-069F90D7F6BD,39164E78-4E8B-E611-812C-02B8BD5113E9
8B9CB645-4C95-E611-812C-069F90D7F6BD,0D568601-BE8B-E611-812C-02B8BD5113E9
AC53BCFD-C594-E611-812C-069F90D7F6BD,DA896364-CC8B-E611-812C-02B8BD5113E9
6A07483F-1B91-E611-812C-069F90D7F6BD,53EF2FF9-D78B-E611-812C-02B8BD5113E9
EDA4BD97-2792-E611-812C-069F90D7F6BD,53EF2FF9-D78B-E611-812C-02B8BD5113E9
EEA4BD97-2792-E611-812C-069F90D7F6BD,53EF2FF9-D78B-E611-812C-02B8BD5113E9
7DA5098A-6A92-E611-812C-069F90D7F6BD,03E4C06F-D88B-E611-812C-02B8BD5113E9
7BEDC869-E491-E611-812C-069F90D7F6BD,84ADB74A-E48B-E611-812C-02B8BD5113E9
0DF3353B-E691-E611-812C-069F90D7F6BD,84ADB74A-E48B-E611-812C-02B8BD5113E9
7CEDC869-E491-E611-812C-069F90D7F6BD,085875C7-E48B-E611-812C-02B8BD5113E9
0EF3353B-E691-E611-812C-069F90D7F6BD,085875C7-E48B-E611-812C-02B8BD5113E9
582526DC-7F91-E611-812C-069F90D7F6BD,C6C57935-EF8B-E611-812C-02B8BD5113E9
592526DC-7F91-E611-812C-069F90D7F6BD,C6C57935-EF8B-E611-812C-02B8BD5113E9
FBD1C19D-2792-E611-812C-069F90D7F6BD,A7F69AFE-F18B-E611-812C-02B8BD5113E9
FFD1C19D-2792-E611-812C-069F90D7F6BD,A7F69AFE-F18B-E611-812C-02B8BD5113E9
38BAD225-8394-E611-812C-069F90D7F6BD,0B976DD3-FF8B-E611-812C-02B8BD5113E9
90C1AB8B-2792-E611-812C-069F90D7F6BD,0EB67109-098C-E611-812C-02B8BD5113E9
60DF033B-6E95-E611-812C-069F90D7F6BD,30E2DD89-0C8C-E611-812C-02B8BD5113E9
E063C591-2792-E611-812C-069F90D7F6BD,C9F7FCFD-1A8C-E611-812C-02B8BD5113E9
E563C591-2792-E611-812C-069F90D7F6BD,C9F7FCFD-1A8C-E611-812C-02B8BD5113E9
04DF99A9-3393-E611-812C-069F90D7F6BD,AC1752F1-8B8C-E611-812C-02B8BD5113E9
05DF99A9-3393-E611-812C-069F90D7F6BD,AC1752F1-8B8C-E611-812C-02B8BD5113E9
06DF99A9-3393-E611-812C-069F90D7F6BD,AC1752F1-8B8C-E611-812C-02B8BD5113E9
A10D0990-6A92-E611-812C-069F90D7F6BD,89EE5BC4-918C-E611-812C-02B8BD5113E9
A20D0990-6A92-E611-812C-069F90D7F6BD,89EE5BC4-918C-E611-812C-02B8BD5113E9
A30D0990-6A92-E611-812C-069F90D7F6BD,89EE5BC4-918C-E611-812C-02B8BD5113E9
A40D0990-6A92-E611-812C-069F90D7F6BD,89EE5BC4-918C-E611-812C-02B8BD5113E9
A50D0990-6A92-E611-812C-069F90D7F6BD,89EE5BC4-918C-E611-812C-02B8BD5113E9
BD72262F-E691-E611-812C-069F90D7F6BD,82EE2FE0-948C-E611-812C-02B8BD5113E9
C2A809CB-7595-E611-812C-069F90D7F6BD,5DA5EB4C-968C-E611-812C-02B8BD5113E9
CCA809CB-7595-E611-812C-069F90D7F6BD,5DA5EB4C-968C-E611-812C-02B8BD5113E9
76F665FC-5E91-E611-812C-069F90D7F6BD,6FBE446F-978C-E611-812C-02B8BD5113E9
9D9CB645-4C95-E611-812C-069F90D7F6BD,DDED4899-A58C-E611-812C-02B8BD5113E9
2C782335-E691-E611-812C-069F90D7F6BD,68669B75-A68C-E611-812C-02B8BD5113E9
8E3B7A08-5F91-E611-812C-069F90D7F6BD,0C5E5ABC-A98C-E611-812C-02B8BD5113E9
8F3B7A08-5F91-E611-812C-069F90D7F6BD,0C5E5ABC-A98C-E611-812C-02B8BD5113E9
29C16702-5F91-E611-812C-069F90D7F6BD,D479F8B4-AC8C-E611-812C-02B8BD5113E9
2AC16702-5F91-E611-812C-069F90D7F6BD,D479F8B4-AC8C-E611-812C-02B8BD5113E9
BF37B60F-4992-E611-812C-069F90D7F6BD,17D38D09-AE8C-E611-812C-02B8BD5113E9
C037B60F-4992-E611-812C-069F90D7F6BD,17D38D09-AE8C-E611-812C-02B8BD5113E9
31BAD225-8394-E611-812C-069F90D7F6BD,3F81650C-B08C-E611-812C-02B8BD5113E9
604FA7FD-4892-E611-812C-069F90D7F6BD,09D206BC-B28C-E611-812C-02B8BD5113E9
1624ECA3-2792-E611-812C-069F90D7F6BD,4216CE01-B78C-E611-812C-02B8BD5113E9
B80D0990-6A92-E611-812C-069F90D7F6BD,531A1DED-C28C-E611-812C-02B8BD5113E9
B90D0990-6A92-E611-812C-069F90D7F6BD,531A1DED-C28C-E611-812C-02B8BD5113E9
DE63C591-2792-E611-812C-069F90D7F6BD,03EDF9F0-C98C-E611-812C-02B8BD5113E9
FFA4BD97-2792-E611-812C-069F90D7F6BD,86779AEE-CB8C-E611-812C-02B8BD5113E9
01A5BD97-2792-E611-812C-069F90D7F6BD,86779AEE-CB8C-E611-812C-02B8BD5113E9
D7EBD196-1293-E611-812C-069F90D7F6BD,EBE1562F-CC8C-E611-812C-02B8BD5113E9
D9EBD196-1293-E611-812C-069F90D7F6BD,EBE1562F-CC8C-E611-812C-02B8BD5113E9
DBEBD196-1293-E611-812C-069F90D7F6BD,EBE1562F-CC8C-E611-812C-02B8BD5113E9
AD0D0990-6A92-E611-812C-069F90D7F6BD,33F9C2E0-D28C-E611-812C-02B8BD5113E9
FAA4BD97-2792-E611-812C-069F90D7F6BD,D6EFD0F0-DA8C-E611-812C-02B8BD5113E9
FDA4BD97-2792-E611-812C-069F90D7F6BD,D6EFD0F0-DA8C-E611-812C-02B8BD5113E9
81EDC869-E491-E611-812C-069F90D7F6BD,DA55528C-EA8C-E611-812C-02B8BD5113E9
C172262F-E691-E611-812C-069F90D7F6BD,DE9A6D31-798D-E611-812C-02B8BD5113E9
BC72262F-E691-E611-812C-069F90D7F6BD,000687E0-7B8D-E611-812C-02B8BD5113E9
7FA5098A-6A92-E611-812C-069F90D7F6BD,FC137BCF-BF8F-E611-812C-02B8BD5113E9
D182C3F0-A494-E611-812C-069F90D7F6BD,75C596D4-CD8F-E611-812C-02B8BD5113E9
4B4FA7FD-4892-E611-812C-069F90D7F6BD,0D6FC81B-D28F-E611-812C-02B8BD5113E9
1DC0CF2B-8394-E611-812C-069F90D7F6BD,5777181E-E28F-E611-812C-02B8BD5113E9
2FC0CF2B-8394-E611-812C-069F90D7F6BD,5777181E-E28F-E611-812C-02B8BD5113E9
48C16702-5F91-E611-812C-069F90D7F6BD,74760314-F98F-E611-812C-02B8BD5113E9
ACC0B816-6E95-E611-812C-069F90D7F6BD,2153C183-FB8F-E611-812C-02B8BD5113E9
DC63C591-2792-E611-812C-069F90D7F6BD,6097760A-8890-E611-812C-02B8BD5113E9
DD63C591-2792-E611-812C-069F90D7F6BD,6097760A-8890-E611-812C-02B8BD5113E9
13A5BD97-2792-E611-812C-069F90D7F6BD,486D4B59-9690-E611-812C-02B8BD5113E9
37BAD225-8394-E611-812C-069F90D7F6BD,F1EB8BD1-9C90-E611-812C-02B8BD5113E9
0124ECA3-2792-E611-812C-069F90D7F6BD,A8AB7B40-9D90-E611-812C-02B8BD5113E9
F9A4BD97-2792-E611-812C-069F90D7F6BD,9EBAC7B5-9E90-E611-812C-02B8BD5113E9
FCA4BD97-2792-E611-812C-069F90D7F6BD,9EBAC7B5-9E90-E611-812C-02B8BD5113E9
95F665FC-5E91-E611-812C-069F90D7F6BD,35F002DA-A190-E611-812C-02B8BD5113E9
10C0CF2B-8394-E611-812C-069F90D7F6BD,3EF002DA-A190-E611-812C-02B8BD5113E9
651605D7-C291-E611-812C-069F90D7F6BD,4C889625-A290-E611-812C-02B8BD5113E9
D572262F-E691-E611-812C-069F90D7F6BD,38A8970C-A390-E611-812C-02B8BD5113E9
89F665FC-5E91-E611-812C-069F90D7F6BD,EE00A7A3-A390-E611-812C-02B8BD5113E9
78EDC869-E491-E611-812C-069F90D7F6BD,944E8C21-A490-E611-812C-02B8BD5113E9
17F3353B-E691-E611-812C-069F90D7F6BD,944E8C21-A490-E611-812C-02B8BD5113E9
C0D4B863-E491-E611-812C-069F90D7F6BD,5AE42C1C-A590-E611-812C-02B8BD5113E9
0A782335-E691-E611-812C-069F90D7F6BD,5AE42C1C-A590-E611-812C-02B8BD5113E9
1155A403-4992-E611-812C-069F90D7F6BD,62388C7D-A890-E611-812C-02B8BD5113E9
ADD4B863-E491-E611-812C-069F90D7F6BD,EDA97A1F-AC90-E611-812C-02B8BD5113E9
6707483F-1B91-E611-812C-069F90D7F6BD,0B795D2D-AC90-E611-812C-02B8BD5113E9
F2B345DF-3F94-E611-812C-069F90D7F6BD,0B795D2D-AC90-E611-812C-02B8BD5113E9
163D0A84-6A92-E611-812C-069F90D7F6BD,2A6816FD-AD90-E611-812C-02B8BD5113E9
173D0A84-6A92-E611-812C-069F90D7F6BD,2A6816FD-AD90-E611-812C-02B8BD5113E9
8CF665FC-5E91-E611-812C-069F90D7F6BD,A51C7B12-AF90-E611-812C-02B8BD5113E9
F9D1C19D-2792-E611-812C-069F90D7F6BD,A07F4B85-B090-E611-812C-02B8BD5113E9
AF53BCFD-C594-E611-812C-069F90D7F6BD,DBE6D53A-B990-E611-812C-02B8BD5113E9
6FDF033B-6E95-E611-812C-069F90D7F6BD,D26A8EEB-BC90-E611-812C-02B8BD5113E9
D0BDA207-0995-E611-812C-069F90D7F6BD,1683F2EE-BD90-E611-812C-02B8BD5113E9
1924ECA3-2792-E611-812C-069F90D7F6BD,2399847F-C090-E611-812C-02B8BD5113E9
9F15F5A9-2792-E611-812C-069F90D7F6BD,2399847F-C090-E611-812C-02B8BD5113E9
A115F5A9-2792-E611-812C-069F90D7F6BD,2399847F-C090-E611-812C-02B8BD5113E9
89A5098A-6A92-E611-812C-069F90D7F6BD,DD12418F-CA90-E611-812C-02B8BD5113E9
EFB345DF-3F94-E611-812C-069F90D7F6BD,7D884A7C-D290-E611-812C-02B8BD5113E9
4D2526DC-7F91-E611-812C-069F90D7F6BD,C9A8A70C-D390-E611-812C-02B8BD5113E9
4F2526DC-7F91-E611-812C-069F90D7F6BD,C9A8A70C-D390-E611-812C-02B8BD5113E9
0EB729D0-7F91-E611-812C-069F90D7F6BD,A0203EDB-DF90-E611-812C-02B8BD5113E9
31C0CF2B-8394-E611-812C-069F90D7F6BD,AE9C1175-4491-E611-812C-02B8BD5113E9
C637B60F-4992-E611-812C-069F90D7F6BD,51D395BD-4891-E611-812C-02B8BD5113E9
CB37B60F-4992-E611-812C-069F90D7F6BD,51D395BD-4891-E611-812C-02B8BD5113E9
16380202-8C92-E611-812C-069F90D7F6BD,5F35D0F7-4A91-E611-812C-02B8BD5113E9
FE17D69C-1293-E611-812C-069F90D7F6BD,2F2A205E-5291-E611-812C-02B8BD5113E9
FF17D69C-1293-E611-812C-069F90D7F6BD,2F2A205E-5291-E611-812C-02B8BD5113E9
91F665FC-5E91-E611-812C-069F90D7F6BD,F6327659-5491-E611-812C-02B8BD5113E9
903B7A08-5F91-E611-812C-069F90D7F6BD,AA46496E-6091-E611-812C-02B8BD5113E9
522526DC-7F91-E611-812C-069F90D7F6BD,B9F9083F-6491-E611-812C-02B8BD5113E9
532526DC-7F91-E611-812C-069F90D7F6BD,B9F9083F-6491-E611-812C-02B8BD5113E9
512526DC-7F91-E611-812C-069F90D7F6BD,41BA153B-6C91-E611-812C-02B8BD5113E9
CEEBD196-1293-E611-812C-069F90D7F6BD,804F2ECD-6C91-E611-812C-02B8BD5113E9
D0EBD196-1293-E611-812C-069F90D7F6BD,804F2ECD-6C91-E611-812C-02B8BD5113E9
D2EBD196-1293-E611-812C-069F90D7F6BD,804F2ECD-6C91-E611-812C-02B8BD5113E9
D4EBD196-1293-E611-812C-069F90D7F6BD,804F2ECD-6C91-E611-812C-02B8BD5113E9
CA63C591-2792-E611-812C-069F90D7F6BD,28A61685-6D91-E611-812C-02B8BD5113E9
CC63C591-2792-E611-812C-069F90D7F6BD,28A61685-6D91-E611-812C-02B8BD5113E9
5A4FA7FD-4892-E611-812C-069F90D7F6BD,31D57E8C-7091-E611-812C-02B8BD5113E9
5B4FA7FD-4892-E611-812C-069F90D7F6BD,31D57E8C-7091-E611-812C-02B8BD5113E9
C437B60F-4992-E611-812C-069F90D7F6BD,74B4A3C1-7391-E611-812C-02B8BD5113E9
F3A4BD97-2792-E611-812C-069F90D7F6BD,77A1B2DB-7391-E611-812C-02B8BD5113E9
943697F7-4892-E611-812C-069F90D7F6BD,CCFC74BC-7891-E611-812C-02B8BD5113E9
5CCB8B52-A191-E611-812C-069F90D7F6BD,07C6E87A-8091-E611-812C-02B8BD5113E9
A1E4AA09-4992-E611-812C-069F90D7F6BD,F263052C-8591-E611-812C-02B8BD5113E9
D96DA558-A191-E611-812C-069F90D7F6BD,1195F3CD-8791-E611-812C-02B8BD5113E9
61CB8B52-A191-E611-812C-069F90D7F6BD,429E5318-8891-E611-812C-02B8BD5113E9
731605D7-C291-E611-812C-069F90D7F6BD,7E84E382-9291-E611-812C-02B8BD5113E9
751605D7-C291-E611-812C-069F90D7F6BD,7E84E382-9291-E611-812C-02B8BD5113E9
771605D7-C291-E611-812C-069F90D7F6BD,7E84E382-9291-E611-812C-02B8BD5113E9
CBEBD196-1293-E611-812C-069F90D7F6BD,0CB71AC0-9291-E611-812C-02B8BD5113E9
CCEBD196-1293-E611-812C-069F90D7F6BD,0CB71AC0-9291-E611-812C-02B8BD5113E9
F5A4BD97-2792-E611-812C-069F90D7F6BD,DB73D494-9691-E611-812C-02B8BD5113E9
F8A4BD97-2792-E611-812C-069F90D7F6BD,DB73D494-9691-E611-812C-02B8BD5113E9
052CBD4B-4C95-E611-812C-069F90D7F6BD,E47D3A8C-9A91-E611-812C-02B8BD5113E9
EC37B60F-4992-E611-812C-069F90D7F6BD,1EEB295A-9D91-E611-812C-02B8BD5113E9
063D0A84-6A92-E611-812C-069F90D7F6BD,1EEB295A-9D91-E611-812C-02B8BD5113E9
90F665FC-5E91-E611-812C-069F90D7F6BD,54093384-0B92-E611-812C-02B8BD5113E9
B8C0B816-6E95-E611-812C-069F90D7F6BD,54093384-0B92-E611-812C-02B8BD5113E9
9B0D0990-6A92-E611-812C-069F90D7F6BD,FAD3EEAA-0B92-E611-812C-02B8BD5113E9
9D0D0990-6A92-E611-812C-069F90D7F6BD,FAD3EEAA-0B92-E611-812C-02B8BD5113E9
0EC0CF2B-8394-E611-812C-069F90D7F6BD,69DEE46A-1392-E611-812C-02B8BD5113E9
0FC0CF2B-8394-E611-812C-069F90D7F6BD,69DEE46A-1392-E611-812C-02B8BD5113E9
1318D69C-1293-E611-812C-069F90D7F6BD,6065B76E-1792-E611-812C-02B8BD5113E9
0B24ECA3-2792-E611-812C-069F90D7F6BD,B2A1A749-1992-E611-812C-02B8BD5113E9
F237B60F-4992-E611-812C-069F90D7F6BD,ED4D2A0C-2C92-E611-812C-02B8BD5113E9
F337B60F-4992-E611-812C-069F90D7F6BD,ED4D2A0C-2C92-E611-812C-02B8BD5113E9
F437B60F-4992-E611-812C-069F90D7F6BD,ED4D2A0C-2C92-E611-812C-02B8BD5113E9
F0BFCF2B-8394-E611-812C-069F90D7F6BD,DE280014-2F92-E611-812C-02B8BD5113E9
F5BFCF2B-8394-E611-812C-069F90D7F6BD,DE280014-2F92-E611-812C-02B8BD5113E9
BDB5E1C6-F092-E611-812C-069F90D7F6BD,0AE0C005-3192-E611-812C-02B8BD5113E9
A9E4AA09-4992-E611-812C-069F90D7F6BD,8E63CD5D-3392-E611-812C-02B8BD5113E9
ABE4AA09-4992-E611-812C-069F90D7F6BD,8E63CD5D-3392-E611-812C-02B8BD5113E9
1718D69C-1293-E611-812C-069F90D7F6BD,E02B306E-3792-E611-812C-02B8BD5113E9
E6B5E1C6-F092-E611-812C-069F90D7F6BD,80A4BE8E-3E92-E611-812C-02B8BD5113E9
E8B5E1C6-F092-E611-812C-069F90D7F6BD,80A4BE8E-3E92-E611-812C-02B8BD5113E9
1C18D69C-1293-E611-812C-069F90D7F6BD,B4418156-4A92-E611-812C-02B8BD5113E9
1E18D69C-1293-E611-812C-069F90D7F6BD,B4418156-4A92-E611-812C-02B8BD5113E9
0B18D69C-1293-E611-812C-069F90D7F6BD,61398BDB-4A92-E611-812C-02B8BD5113E9
C782C3F0-A494-E611-812C-069F90D7F6BD,84929081-4F92-E611-812C-02B8BD5113E9
C882C3F0-A494-E611-812C-069F90D7F6BD,84929081-4F92-E611-812C-02B8BD5113E9
8EA5098A-6A92-E611-812C-069F90D7F6BD,7E8825D7-5292-E611-812C-02B8BD5113E9
92A5098A-6A92-E611-812C-069F90D7F6BD,7E8825D7-5292-E611-812C-02B8BD5113E9
99A5098A-6A92-E611-812C-069F90D7F6BD,0EEBFE08-5892-E611-812C-02B8BD5113E9
9F0D0990-6A92-E611-812C-069F90D7F6BD,6918C621-5D92-E611-812C-02B8BD5113E9
11BAD225-8394-E611-812C-069F90D7F6BD,62771A6C-5E92-E611-812C-02B8BD5113E9
13BAD225-8394-E611-812C-069F90D7F6BD,62771A6C-5E92-E611-812C-02B8BD5113E9
A43DF4CC-F092-E611-812C-069F90D7F6BD,BD656700-6592-E611-812C-02B8BD5113E9
A653BCFD-C594-E611-812C-069F90D7F6BD,E3D31311-6692-E611-812C-02B8BD5113E9
8D9CB645-4C95-E611-812C-069F90D7F6BD,CA10156D-E392-E611-812C-02B8BD5113E9
15BAD225-8394-E611-812C-069F90D7F6BD,282B3C5B-FC92-E611-812C-02B8BD5113E9
BFBDA207-0995-E611-812C-069F90D7F6BD,858697E3-FD92-E611-812C-02B8BD5113E9
CABDA207-0995-E611-812C-069F90D7F6BD,858697E3-FD92-E611-812C-02B8BD5113E9
B253BCFD-C594-E611-812C-069F90D7F6BD,63B715BB-1293-E611-812C-02B8BD5113E9
FD2BBD4B-4C95-E611-812C-069F90D7F6BD,33093589-6794-E611-812C-02B8BD5113E9
BFAFC7F6-A494-E611-812C-069F90D7F6BD,B216BE3F-8194-E611-812C-02B8BD5113E9
C2AFC7F6-A494-E611-812C-069F90D7F6BD,B216BE3F-8194-E611-812C-02B8BD5113E9
C3AFC7F6-A494-E611-812C-069F90D7F6BD,B216BE3F-8194-E611-812C-02B8BD5113E9
C6AFC7F6-A494-E611-812C-069F90D7F6BD,B216BE3F-8194-E611-812C-02B8BD5113E9
92D8A9F7-C594-E611-812C-069F90D7F6BD,B3210258-8694-E611-812C-02B8BD5113E9
93D8A9F7-C594-E611-812C-069F90D7F6BD,B3210258-8694-E611-812C-02B8BD5113E9
94D8A9F7-C594-E611-812C-069F90D7F6BD,B3210258-8694-E611-812C-02B8BD5113E9
95D8A9F7-C594-E611-812C-069F90D7F6BD,B3210258-8694-E611-812C-02B8BD5113E9
96D8A9F7-C594-E611-812C-069F90D7F6BD,B3210258-8694-E611-812C-02B8BD5113E9
7E470609-A594-E611-812C-069F90D7F6BD,9B8339D6-8A94-E611-812C-02B8BD5113E9
8A470609-A594-E611-812C-069F90D7F6BD,9B8339D6-8A94-E611-812C-02B8BD5113E9
73470609-A594-E611-812C-069F90D7F6BD,4EFE61FC-8C94-E611-812C-02B8BD5113E9
95470609-A594-E611-812C-069F90D7F6BD,5EA43388-8D94-E611-812C-02B8BD5113E9
97470609-A594-E611-812C-069F90D7F6BD,5EA43388-8D94-E611-812C-02B8BD5113E9
919CB645-4C95-E611-812C-069F90D7F6BD,89DD754F-9194-E611-812C-02B8BD5113E9
9C470609-A594-E611-812C-069F90D7F6BD,C61F0075-9994-E611-812C-02B8BD5113E9
9F470609-A594-E611-812C-069F90D7F6BD,7D7B9B28-9C94-E611-812C-02B8BD5113E9
A0470609-A594-E611-812C-069F90D7F6BD,7D7B9B28-9C94-E611-812C-02B8BD5113E9
B63DF4CC-F092-E611-812C-069F90D7F6BD,763E2598-9A82-E611-812C-069F90D7F6BD
7BF665FC-5E91-E611-812C-069F90D7F6BD,6A324E87-4086-E611-812C-069F90D7F6BD
D663C591-2792-E611-812C-069F90D7F6BD,94845625-0F87-E611-812C-069F90D7F6BD
D763C591-2792-E611-812C-069F90D7F6BD,94845625-0F87-E611-812C-069F90D7F6BD
D863C591-2792-E611-812C-069F90D7F6BD,94845625-0F87-E611-812C-069F90D7F6BD
D963C591-2792-E611-812C-069F90D7F6BD,94845625-0F87-E611-812C-069F90D7F6BD
D3E4AA09-4992-E611-812C-069F90D7F6BD,1A0884F8-1287-E611-812C-069F90D7F6BD
92F665FC-5E91-E611-812C-069F90D7F6BD,121A361A-1487-E611-812C-069F90D7F6BD
641605D7-C291-E611-812C-069F90D7F6BD,84F0C93A-1487-E611-812C-069F90D7F6BD
5E4FA7FD-4892-E611-812C-069F90D7F6BD,0591F3F4-1787-E611-812C-069F90D7F6BD
82F665FC-5E91-E611-812C-069F90D7F6BD,31855C15-2A87-E611-812C-069F90D7F6BD
BE82C3F0-A494-E611-812C-069F90D7F6BD,B8476E0D-3287-E611-812C-069F90D7F6BD
02D2C19D-2792-E611-812C-069F90D7F6BD,43404046-3387-E611-812C-069F90D7F6BD
0C18D69C-1293-E611-812C-069F90D7F6BD,15CFDA97-4887-E611-812C-069F90D7F6BD
D7B5E1C6-F092-E611-812C-069F90D7F6BD,43A71C25-5A87-E611-812C-069F90D7F6BD
7BA5098A-6A92-E611-812C-069F90D7F6BD,AA5A8FA6-7489-E611-812C-069F90D7F6BD
5780D5A2-1293-E611-812C-069F90D7F6BD,8EE8A2DA-9289-E611-812C-069F90D7F6BD
5880D5A2-1293-E611-812C-069F90D7F6BD,8EE8A2DA-9289-E611-812C-069F90D7F6BD
DDA8FBFB-8B92-E611-812C-069F90D7F6BD,61578D5C-9F89-E611-812C-069F90D7F6BD
0BA5BD97-2792-E611-812C-069F90D7F6BD,204E9C09-A289-E611-812C-069F90D7F6BD
983697F7-4892-E611-812C-069F90D7F6BD,B994068C-B389-E611-812C-069F90D7F6BD
4A55A403-4992-E611-812C-069F90D7F6BD,437B1511-C789-E611-812C-069F90D7F6BD
DA63C591-2792-E611-812C-069F90D7F6BD,E4645DCA-888A-E611-812C-069F90D7F6BD
4C55A403-4992-E611-812C-069F90D7F6BD,E4645DCA-888A-E611-812C-069F90D7F6BD
CA50FD34-6E95-E611-812C-069F90D7F6BD,577BCE6D-058B-E611-812C-069F90D7F6BD
E0A8FBFB-8B92-E611-812C-069F90D7F6BD,A2D38064-068B-E611-812C-069F90D7F6BD
6C3697F7-4892-E611-812C-069F90D7F6BD,817B5993-088B-E611-812C-069F90D7F6BD
DCA8FBFB-8B92-E611-812C-069F90D7F6BD,6DCCD063-098B-E611-812C-069F90D7F6BD
C082C3F0-A494-E611-812C-069F90D7F6BD,6D4040C0-0D8B-E611-812C-069F90D7F6BD
EF37B60F-4992-E611-812C-069F90D7F6BD,B4D18B01-0F8B-E611-812C-069F90D7F6BD
F037B60F-4992-E611-812C-069F90D7F6BD,B4D18B01-0F8B-E611-812C-069F90D7F6BD
F137B60F-4992-E611-812C-069F90D7F6BD,B4D18B01-0F8B-E611-812C-069F90D7F6BD
05C0CF2B-8394-E611-812C-069F90D7F6BD,AA9CCAC6-128B-E611-812C-069F90D7F6BD
1218D69C-1293-E611-812C-069F90D7F6BD,3DFE4898-198B-E611-812C-069F90D7F6BD
BDAFC7F6-A494-E611-812C-069F90D7F6BD,81A581CE-198B-E611-812C-069F90D7F6BD
D082C3F0-A494-E611-812C-069F90D7F6BD,4933E986-218B-E611-812C-069F90D7F6BD
CE82C3F0-A494-E611-812C-069F90D7F6BD,24DF3A99-218B-E611-812C-069F90D7F6BD
CF82C3F0-A494-E611-812C-069F90D7F6BD,24DF3A99-218B-E611-812C-069F90D7F6BD
7A3A2CD9-1C91-E611-812C-069F90D7F6BD,A5A23334-2A8B-E611-812C-069F90D7F6BD
ADDB33E2-7F91-E611-812C-069F90D7F6BD,621C71DF-398B-E611-812C-069F90D7F6BD
BFB5E1C6-F092-E611-812C-069F90D7F6BD,6F25D07E-428B-E611-812C-069F90D7F6BD
BB72262F-E691-E611-812C-069F90D7F6BD,3C521755-448B-E611-812C-069F90D7F6BD
25C16702-5F91-E611-812C-069F90D7F6BD,A34911FF-C68B-E611-812C-069F90D7F6BD
1655A403-4992-E611-812C-069F90D7F6BD,05A4865D-CF8B-E611-812C-069F90D7F6BD
1AC16702-5F91-E611-812C-069F90D7F6BD,8B40D654-EC8B-E611-812C-069F90D7F6BD
DB63C591-2792-E611-812C-069F90D7F6BD,DD94505F-ED8B-E611-812C-069F90D7F6BD
C282C3F0-A494-E611-812C-069F90D7F6BD,C80EE74B-F88B-E611-812C-069F90D7F6BD
115BD977-6A92-E611-812C-069F90D7F6BD,5C06F0B4-FA8B-E611-812C-069F90D7F6BD
135BD977-6A92-E611-812C-069F90D7F6BD,5C06F0B4-FA8B-E611-812C-069F90D7F6BD
EFBFCF2B-8394-E611-812C-069F90D7F6BD,E72D35B1-038C-E611-812C-069F90D7F6BD
8AA5098A-6A92-E611-812C-069F90D7F6BD,331A7B46-078C-E611-812C-069F90D7F6BD
8BA5098A-6A92-E611-812C-069F90D7F6BD,331A7B46-078C-E611-812C-069F90D7F6BD
EBA4BD97-2792-E611-812C-069F90D7F6BD,F8CB7785-0B8C-E611-812C-069F90D7F6BD
01C0CF2B-8394-E611-812C-069F90D7F6BD,BE6DEC4B-208C-E611-812C-069F90D7F6BD
03C0CF2B-8394-E611-812C-069F90D7F6BD,BE6DEC4B-208C-E611-812C-069F90D7F6BD
8B3B7A08-5F91-E611-812C-069F90D7F6BD,BD200BD0-938C-E611-812C-069F90D7F6BD
8C3B7A08-5F91-E611-812C-069F90D7F6BD,BD200BD0-938C-E611-812C-069F90D7F6BD
8D3B7A08-5F91-E611-812C-069F90D7F6BD,BD200BD0-938C-E611-812C-069F90D7F6BD
9E0D0990-6A92-E611-812C-069F90D7F6BD,9C26EEF3-998C-E611-812C-069F90D7F6BD
19380202-8C92-E611-812C-069F90D7F6BD,2D2EAFB5-B18C-E611-812C-069F90D7F6BD
DFA8FBFB-8B92-E611-812C-069F90D7F6BD,8343936F-B28C-E611-812C-069F90D7F6BD
9A0D0990-6A92-E611-812C-069F90D7F6BD,53788092-D18C-E611-812C-069F90D7F6BD
C10D0990-6A92-E611-812C-069F90D7F6BD,33F92AEE-DC8C-E611-812C-069F90D7F6BD
BA3C4639-1B91-E611-812C-069F90D7F6BD,63CB691E-E38C-E611-812C-069F90D7F6BD
7E3A2CD9-1C91-E611-812C-069F90D7F6BD,63CB691E-E38C-E611-812C-069F90D7F6BD
C00D0990-6A92-E611-812C-069F90D7F6BD,7B04A9E0-E78C-E611-812C-069F90D7F6BD
03D2C19D-2792-E611-812C-069F90D7F6BD,95F70639-AF8F-E611-812C-069F90D7F6BD
7C4B017E-6A92-E611-812C-069F90D7F6BD,797BE26F-D88F-E611-812C-069F90D7F6BD
673697F7-4892-E611-812C-069F90D7F6BD,C5D7B386-D98F-E611-812C-069F90D7F6BD
E163C591-2792-E611-812C-069F90D7F6BD,C8E8AC2E-DB8F-E611-812C-069F90D7F6BD
E363C591-2792-E611-812C-069F90D7F6BD,C8E8AC2E-DB8F-E611-812C-069F90D7F6BD
0AA5BD97-2792-E611-812C-069F90D7F6BD,6462A76A-DE8F-E611-812C-069F90D7F6BD
22F3353B-E691-E611-812C-069F90D7F6BD,AC7B5C21-E28F-E611-812C-069F90D7F6BD
839CB645-4C95-E611-812C-069F90D7F6BD,70FB5338-E38F-E611-812C-069F90D7F6BD
28C16702-5F91-E611-812C-069F90D7F6BD,B97E40C1-E68F-E611-812C-069F90D7F6BD
F91851F6-5E91-E611-812C-069F90D7F6BD,ADE2A1F6-FD8F-E611-812C-069F90D7F6BD
FA1851F6-5E91-E611-812C-069F90D7F6BD,ADE2A1F6-FD8F-E611-812C-069F90D7F6BD
0C3D0A84-6A92-E611-812C-069F90D7F6BD,1828B924-FE8F-E611-812C-069F90D7F6BD
FAB345DF-3F94-E611-812C-069F90D7F6BD,B525804F-1390-E611-812C-069F90D7F6BD
03A5BD97-2792-E611-812C-069F90D7F6BD,2A588A0B-7890-E611-812C-069F90D7F6BD
5E07483F-1B91-E611-812C-069F90D7F6BD,0752A3D2-7990-E611-812C-069F90D7F6BD
87A5098A-6A92-E611-812C-069F90D7F6BD,50F07B91-8890-E611-812C-069F90D7F6BD
C8AFC7F6-A494-E611-812C-069F90D7F6BD,85C34E98-8E90-E611-812C-069F90D7F6BD
CAAFC7F6-A494-E611-812C-069F90D7F6BD,85C34E98-8E90-E611-812C-069F90D7F6BD
CBAFC7F6-A494-E611-812C-069F90D7F6BD,85C34E98-8E90-E611-812C-069F90D7F6BD
CCAFC7F6-A494-E611-812C-069F90D7F6BD,85C34E98-8E90-E611-812C-069F90D7F6BD
B9732796-6A92-E611-812C-069F90D7F6BD,F8FE7F09-8F90-E611-812C-069F90D7F6BD
A6D4B863-E491-E611-812C-069F90D7F6BD,26327713-9090-E611-812C-069F90D7F6BD
19BAD225-8394-E611-812C-069F90D7F6BD,00426C63-9790-E611-812C-069F90D7F6BD
1BBAD225-8394-E611-812C-069F90D7F6BD,00426C63-9790-E611-812C-069F90D7F6BD
FFDE99A9-3393-E611-812C-069F90D7F6BD,0653C54D-9990-E611-812C-069F90D7F6BD
01DF99A9-3393-E611-812C-069F90D7F6BD,0653C54D-9990-E611-812C-069F90D7F6BD
D8A97D48-DB93-E611-812C-069F90D7F6BD,2341363C-A490-E611-812C-069F90D7F6BD
74F665FC-5E91-E611-812C-069F90D7F6BD,187DA2A3-A490-E611-812C-069F90D7F6BD
75F665FC-5E91-E611-812C-069F90D7F6BD,187DA2A3-A490-E611-812C-069F90D7F6BD
D382C3F0-A494-E611-812C-069F90D7F6BD,6A4FE550-AC90-E611-812C-069F90D7F6BD
16BAD225-8394-E611-812C-069F90D7F6BD,B66EAA95-C090-E611-812C-069F90D7F6BD
17BAD225-8394-E611-812C-069F90D7F6BD,B66EAA95-C090-E611-812C-069F90D7F6BD
C20D0990-6A92-E611-812C-069F90D7F6BD,8EA2E53E-C490-E611-812C-069F90D7F6BD
C50D0990-6A92-E611-812C-069F90D7F6BD,8EA2E53E-C490-E611-812C-069F90D7F6BD
B5732796-6A92-E611-812C-069F90D7F6BD,8EA2E53E-C490-E611-812C-069F90D7F6BD
C0BDA207-0995-E611-812C-069F90D7F6BD,FB5F0883-C590-E611-812C-069F90D7F6BD
BA72262F-E691-E611-812C-069F90D7F6BD,59BC6264-CA90-E611-812C-069F90D7F6BD
ACE4AA09-4992-E611-812C-069F90D7F6BD,356FCE9E-4591-E611-812C-069F90D7F6BD
AEE4AA09-4992-E611-812C-069F90D7F6BD,356FCE9E-4591-E611-812C-069F90D7F6BD
B4E4AA09-4992-E611-812C-069F90D7F6BD,356FCE9E-4591-E611-812C-069F90D7F6BD
BAE4AA09-4992-E611-812C-069F90D7F6BD,91F49E1E-4791-E611-812C-069F90D7F6BD
E463C591-2792-E611-812C-069F90D7F6BD,6CF092D4-4A91-E611-812C-069F90D7F6BD
EAA4BD97-2792-E611-812C-069F90D7F6BD,6CF092D4-4A91-E611-812C-069F90D7F6BD
8CEDC869-E491-E611-812C-069F90D7F6BD,8287D9C0-4C91-E611-812C-069F90D7F6BD
791605D7-C291-E611-812C-069F90D7F6BD,284661D4-4D91-E611-812C-069F90D7F6BD
10782335-E691-E611-812C-069F90D7F6BD,5059F717-4F91-E611-812C-069F90D7F6BD
EFA4BD97-2792-E611-812C-069F90D7F6BD,ABDA77BE-5191-E611-812C-069F90D7F6BD
F0A4BD97-2792-E611-812C-069F90D7F6BD,ABDA77BE-5191-E611-812C-069F90D7F6BD
F1A4BD97-2792-E611-812C-069F90D7F6BD,ABDA77BE-5191-E611-812C-069F90D7F6BD
893B7A08-5F91-E611-812C-069F90D7F6BD,3977358E-5491-E611-812C-069F90D7F6BD
7CF665FC-5E91-E611-812C-069F90D7F6BD,9ACC9F7D-5891-E611-812C-069F90D7F6BD
A9D4B863-E491-E611-812C-069F90D7F6BD,5EC30C88-6091-E611-812C-069F90D7F6BD
ABC0B816-6E95-E611-812C-069F90D7F6BD,D2944820-6291-E611-812C-069F90D7F6BD
06C0CF2B-8394-E611-812C-069F90D7F6BD,F1F75396-6291-E611-812C-069F90D7F6BD
35BAD225-8394-E611-812C-069F90D7F6BD,47090BDF-6D91-E611-812C-069F90D7F6BD
682526DC-7F91-E611-812C-069F90D7F6BD,275F8B93-6F91-E611-812C-069F90D7F6BD
6E470609-A594-E611-812C-069F90D7F6BD,368C5317-7191-E611-812C-069F90D7F6BD
6F470609-A594-E611-812C-069F90D7F6BD,368C5317-7191-E611-812C-069F90D7F6BD
05D2C19D-2792-E611-812C-069F90D7F6BD,5F484278-7391-E611-812C-069F90D7F6BD
09D2C19D-2792-E611-812C-069F90D7F6BD,5F484278-7391-E611-812C-069F90D7F6BD
4101C831-8394-E611-812C-069F90D7F6BD,B93ED688-7491-E611-812C-069F90D7F6BD
4401C831-8394-E611-812C-069F90D7F6BD,B93ED688-7491-E611-812C-069F90D7F6BD
3955A403-4992-E611-812C-069F90D7F6BD,2BEF51D7-7691-E611-812C-069F90D7F6BD
4455A403-4992-E611-812C-069F90D7F6BD,2BEF51D7-7691-E611-812C-069F90D7F6BD
4655A403-4992-E611-812C-069F90D7F6BD,2BEF51D7-7691-E611-812C-069F90D7F6BD
57CB8B52-A191-E611-812C-069F90D7F6BD,D39F0423-7891-E611-812C-069F90D7F6BD
58CB8B52-A191-E611-812C-069F90D7F6BD,D39F0423-7891-E611-812C-069F90D7F6BD
59CB8B52-A191-E611-812C-069F90D7F6BD,D39F0423-7891-E611-812C-069F90D7F6BD
5ACB8B52-A191-E611-812C-069F90D7F6BD,D39F0423-7891-E611-812C-069F90D7F6BD
5BCB8B52-A191-E611-812C-069F90D7F6BD,D39F0423-7891-E611-812C-069F90D7F6BD
B46959E8-7F91-E611-812C-069F90D7F6BD,D63FA903-7991-E611-812C-069F90D7F6BD
B66959E8-7F91-E611-812C-069F90D7F6BD,D63FA903-7991-E611-812C-069F90D7F6BD
79CB8B52-A191-E611-812C-069F90D7F6BD,0501449F-7991-E611-812C-069F90D7F6BD
7BCB8B52-A191-E611-812C-069F90D7F6BD,0501449F-7991-E611-812C-069F90D7F6BD
7CCB8B52-A191-E611-812C-069F90D7F6BD,0501449F-7991-E611-812C-069F90D7F6BD
7DCB8B52-A191-E611-812C-069F90D7F6BD,0501449F-7991-E611-812C-069F90D7F6BD
7ECB8B52-A191-E611-812C-069F90D7F6BD,0501449F-7991-E611-812C-069F90D7F6BD
79470609-A594-E611-812C-069F90D7F6BD,415D19B7-7B91-E611-812C-069F90D7F6BD
CE63C591-2792-E611-812C-069F90D7F6BD,E8187BC2-7D91-E611-812C-069F90D7F6BD
D163C591-2792-E611-812C-069F90D7F6BD,E8187BC2-7D91-E611-812C-069F90D7F6BD
10BAD225-8394-E611-812C-069F90D7F6BD,8666D05B-7F91-E611-812C-069F90D7F6BD
E46DA558-A191-E611-812C-069F90D7F6BD,80DABC9C-8391-E611-812C-069F90D7F6BD
E66DA558-A191-E611-812C-069F90D7F6BD,80DABC9C-8391-E611-812C-069F90D7F6BD
BAC0B816-6E95-E611-812C-069F90D7F6BD,50F88AA1-1E92-E611-812C-069F90D7F6BD
BCC0B816-6E95-E611-812C-069F90D7F6BD,50F88AA1-1E92-E611-812C-069F90D7F6BD
BDC0B816-6E95-E611-812C-069F90D7F6BD,50F88AA1-1E92-E611-812C-069F90D7F6BD
1A24ECA3-2792-E611-812C-069F90D7F6BD,C8D6F532-2292-E611-812C-069F90D7F6BD
B4C0B816-6E95-E611-812C-069F90D7F6BD,04813A4C-2592-E611-812C-069F90D7F6BD
B5C0B816-6E95-E611-812C-069F90D7F6BD,04813A4C-2592-E611-812C-069F90D7F6BD
A553BCFD-C594-E611-812C-069F90D7F6BD,A27C2168-2592-E611-812C-069F90D7F6BD
0EDF99A9-3393-E611-812C-069F90D7F6BD,6DBA9C99-2692-E611-812C-069F90D7F6BD
19DF99A9-3393-E611-812C-069F90D7F6BD,6DBA9C99-2692-E611-812C-069F90D7F6BD
B40D0990-6A92-E611-812C-069F90D7F6BD,93381326-2A92-E611-812C-069F90D7F6BD
1518D69C-1293-E611-812C-069F90D7F6BD,54152570-2E92-E611-812C-069F90D7F6BD
A5E4AA09-4992-E611-812C-069F90D7F6BD,E0625E7E-3392-E611-812C-069F90D7F6BD
A6E4AA09-4992-E611-812C-069F90D7F6BD,E0625E7E-3392-E611-812C-069F90D7F6BD
90D8A9F7-C594-E611-812C-069F90D7F6BD,226D301B-3E92-E611-812C-069F90D7F6BD
91D8A9F7-C594-E611-812C-069F90D7F6BD,226D301B-3E92-E611-812C-069F90D7F6BD
DFE4AA09-4992-E611-812C-069F90D7F6BD,C8BCF0C4-3E92-E611-812C-069F90D7F6BD
E0E4AA09-4992-E611-812C-069F90D7F6BD,C8BCF0C4-3E92-E611-812C-069F90D7F6BD
D4E4AA09-4992-E611-812C-069F90D7F6BD,700A008C-3F92-E611-812C-069F90D7F6BD
C137B60F-4992-E611-812C-069F90D7F6BD,15EF8DC8-3F92-E611-812C-069F90D7F6BD
7A4B017E-6A92-E611-812C-069F90D7F6BD,3DFA1E8A-4392-E611-812C-069F90D7F6BD
5380D5A2-1293-E611-812C-069F90D7F6BD,D0213F89-4592-E611-812C-069F90D7F6BD
B00D0990-6A92-E611-812C-069F90D7F6BD,985C5FD5-4592-E611-812C-069F90D7F6BD
B10D0990-6A92-E611-812C-069F90D7F6BD,985C5FD5-4592-E611-812C-069F90D7F6BD
C4EBD196-1293-E611-812C-069F90D7F6BD,DFF7F15A-4C92-E611-812C-069F90D7F6BD
04C0CF2B-8394-E611-812C-069F90D7F6BD,A8110B12-4F92-E611-812C-069F90D7F6BD
97A5098A-6A92-E611-812C-069F90D7F6BD,477DCEF4-5192-E611-812C-069F90D7F6BD
D37FC851-4C95-E611-812C-069F90D7F6BD,67FD4839-5C92-E611-812C-069F90D7F6BD
C2EBD196-1293-E611-812C-069F90D7F6BD,9A8921C6-EA92-E611-812C-069F90D7F6BD
D57FC851-4C95-E611-812C-069F90D7F6BD,EED49849-F292-E611-812C-069F90D7F6BD
DD2BBD4B-4C95-E611-812C-069F90D7F6BD,347ACA97-F392-E611-812C-069F90D7F6BD
8F470609-A594-E611-812C-069F90D7F6BD,E7D7CDE4-6994-E611-812C-069F90D7F6BD
30BAD225-8394-E611-812C-069F90D7F6BD,CE72B95E-6D94-E611-812C-069F90D7F6BD
C8BDA207-0995-E611-812C-069F90D7F6BD,2D6A4657-8194-E611-812C-069F90D7F6BD
CEBDA207-0995-E611-812C-069F90D7F6BD,2D6A4657-8194-E611-812C-069F90D7F6BD
7E9CB645-4C95-E611-812C-069F90D7F6BD,EC28E04E-8394-E611-812C-069F90D7F6BD
A69CB645-4C95-E611-812C-069F90D7F6BD,40A9DAF5-8894-E611-812C-069F90D7F6BD
CE2BBD4B-4C95-E611-812C-069F90D7F6BD,40A9DAF5-8894-E611-812C-069F90D7F6BD
A853BCFD-C594-E611-812C-069F90D7F6BD,25A0AD28-8D94-E611-812C-069F90D7F6BD
AA53BCFD-C594-E611-812C-069F90D7F6BD,25A0AD28-8D94-E611-812C-069F90D7F6BD
E32BBD4B-4C95-E611-812C-069F90D7F6BD,7976DD48-8E94-E611-812C-069F90D7F6BD
879CB645-4C95-E611-812C-069F90D7F6BD,859C8CB3-9294-E611-812C-069F90D7F6BD
CD15F17D-E794-E611-812C-069F90D7F6BD,2F8F9CC7-9294-E611-812C-069F90D7F6BD
CE15F17D-E794-E611-812C-069F90D7F6BD,2F8F9CC7-9294-E611-812C-069F90D7F6BD
9C9CB645-4C95-E611-812C-069F90D7F6BD,37A6337A-9A94-E611-812C-069F90D7F6BD
A0C0B816-6E95-E611-812C-069F90D7F6BD,D4A047FF-9E94-E611-812C-069F90D7F6BD
A1C0B816-6E95-E611-812C-069F90D7F6BD,D4A047FF-9E94-E611-812C-069F90D7F6BD
062CBD4B-4C95-E611-812C-069F90D7F6BD,6FD41585-4495-E611-812C-069F90D7F6BD
A09CB645-4C95-E611-812C-069F90D7F6BD,E2090A7D-4595-E611-812C-069F90D7F6BD
318BBA1C-6E95-E611-812C-069F90D7F6BD,1E4EF6A8-5495-E611-812C-069F90D7F6BD